customer_id,first_name,last_name,email,signup_date,country
1,Diego,Silva,diego.silva.1@example.com,2024-07-17,BR
2,Helena,Martins,helena.martins.2@example.com,2023-07-29,CL
3,Vanessa,Costa,vanessa.costa.3@example.com,2025-05-14,BR
4,Ana,Costa,ana.costa.4@example.com,2024-03-23,BR
5,Thiago,Rocha,thiago.rocha.5@example.com,2023-02-24,AR
6,Gabriel,Barbosa,gabriel.barbosa.6@example.com,2025-05-09,BR
7,Pedro,Rocha,pedro.rocha.7@example.com,2024-07-23,UY
8,Ana,Ribeiro,ana.ribeiro.8@example.com,2023-11-23,CL
9,Olivia,Lima,olivia.lima.9@example.com,2024-07-23,BR
10,Gabriel,Ribeiro,gabriel.ribeiro.10@example.com,2024-11-20,BR
11,Carla,Oliveira,carla.oliveira.11@example.com,2023-07-18,BR
12,Marina,Rocha,marina.rocha.12@example.com,2024-06-25,UY
13,Bruno,Barbosa,bruno.barbosa.13@example.com,2025-07-29,AR
14,Diego,Carvalho,diego.carvalho.14@example.com,2025-02-14,BR
15,Vanessa,Pereira,vanessa.pereira.15@example.com,2025-01-10,AR
16,Gabriel,Barbosa,gabriel.barbosa.16@example.com,2023-05-23,BR
17,Helena,Ribeiro,helena.ribeiro.17@example.com,2024-08-15,BR
18,Helena,Mendes,helena.mendes.18@example.com,2023-07-26,BR
19,Igor,Santos,igor.santos.19@example.com,2025-01-17,BR
20,Marina,Lima,marina.lima.20@example.com,2024-03-05,CL
21,Igor,Barbosa,igor.barbosa.21@example.com,2023-05-27,AR
22,Fernanda,Almeida,fernanda.almeida.22@example.com,2024-05-16,BR
23,Pedro,Oliveira,pedro.oliveira.23@example.com,2024-07-06,CL
24,Vanessa,Souza,vanessa.souza.24@example.com,2024-10-26,UY
25,Bruno,Souza,bruno.souza.25@example.com,2023-03-07,UY
26,Lucas,Oliveira,lucas.oliveira.26@example.com,2024-07-02,BR
27,Gabriel,Carvalho,gabriel.carvalho.27@example.com,2024-10-06,BR
28,Rafaela,Oliveira,rafaela.oliveira.28@example.com,2025-07-28,BR
29,Igor,Martins,igor.martins.29@example.com,2024-05-20,CL
30,Vanessa,Almeida,vanessa.almeida.30@example.com,2024-06-22,CL
31,William,Oliveira,william.oliveira.31@example.com,2025-03-28,BR
32,Helena,Martins,helena.martins.32@example.com,2025-11-09,BR
33,Carla,Ribeiro,carla.ribeiro.33@example.com,2023-04-07,UY
34,Diego,Martins,diego.martins.34@example.com,2023-11-24,UY
35,Olivia,Rocha,olivia.rocha.35@example.com,2023-05-11,BR
36,Nicolas,Rocha,nicolas.rocha.36@example.com,2025-08-16,AR
37,Igor,Almeida,igor.almeida.37@example.com,2023-01-24,CL
38,Diego,Gomes,diego.gomes.38@example.com,2024-06-30,UY
39,Lucas,Costa,lucas.costa.39@example.com,2024-08-24,BR
40,Fernanda,Santos,fernanda.santos.40@example.com,2023-01-07,CL
41,Igor,Almeida,igor.almeida.41@example.com,2024-01-01,AR
42,Diego,Mendes,diego.mendes.42@example.com,2024-09-03,UY
43,Thiago,Rocha,thiago.rocha.43@example.com,2024-02-12,BR
44,Marina,Ribeiro,marina.ribeiro.44@example.com,2023-11-27,AR
45,Thiago,Carvalho,thiago.carvalho.45@example.com,2023-01-02,AR
46,Lucas,Santos,lucas.santos.46@example.com,2023-02-09,BR
47,Marina,Carvalho,marina.carvalho.47@example.com,2024-09-21,BR
48,Bruno,Souza,bruno.souza.48@example.com,2023-06-11,BR
49,Rafaela,Mendes,rafaela.mendes.49@example.com,2023-05-22,UY
50,Vanessa,Ribeiro,vanessa.ribeiro.50@example.com,2023-09-15,BR
51,Rafaela,Almeida,rafaela.almeida.51@example.com,2023-12-05,BR
52,Thiago,Mendes,thiago.mendes.52@example.com,2025-05-16,BR
53,Vanessa,Ribeiro,vanessa.ribeiro.53@example.com,2024-02-16,CL
54,Julia,Oliveira,julia.oliveira.54@example.com,2025-02-03,BR
55,Thiago,Santos,thiago.santos.55@example.com,2023-09-05,BR
56,Helena,Costa,helena.costa.56@example.com,2024-11-23,BR
57,William,Almeida,william.almeida.57@example.com,2024-04-16,AR
58,Helena,Silva,helena.silva.58@example.com,2023-05-26,CL
59,Bruno,Souza,bruno.souza.59@example.com,2023-05-19,BR
60,Lucas,Costa,lucas.costa.60@example.com,2025-11-18,BR
61,Igor,Gomes,igor.gomes.61@example.com,2025-09-21,BR
62,Vanessa,Martins,vanessa.martins.62@example.com,2025-08-26,BR
63,Rafaela,Ribeiro,rafaela.ribeiro.63@example.com,2025-04-13,BR
64,Diego,Costa,diego.costa.64@example.com,2025-06-01,BR
65,Olivia,Oliveira,olivia.oliveira.65@example.com,2025-08-14,UY
66,Bruno,Gomes,bruno.gomes.66@example.com,2023-07-21,BR
67,Nicolas,Barbosa,nicolas.barbosa.67@example.com,2024-11-25,UY
68,Diego,Souza,diego.souza.68@example.com,2024-01-28,BR
69,Vanessa,Santos,vanessa.santos.69@example.com,2023-10-15,BR
70,Fernanda,Pereira,fernanda.pereira.70@example.com,2025-08-05,BR
71,Carla,Santos,carla.santos.71@example.com,2023-07-20,BR
72,Vanessa,Mendes,vanessa.mendes.72@example.com,2023-01-31,BR
73,Helena,Martins,helena.martins.73@example.com,2025-04-12,BR
74,Rafaela,Souza,rafaela.souza.74@example.com,2025-04-01,BR
75,Fernanda,Oliveira,fernanda.oliveira.75@example.com,2023-01-05,BR
76,Igor,Carvalho,igor.carvalho.76@example.com,2025-07-20,BR
77,Olivia,Barbosa,olivia.barbosa.77@example.com,2025-09-23,BR
78,Gabriel,Pereira,gabriel.pereira.78@example.com,2024-03-21,BR
79,William,Barbosa,william.barbosa.79@example.com,2023-05-05,CL
80,Lucas,Silva,lucas.silva.80@example.com,2023-04-13,AR
81,Rafaela,Almeida,rafaela.almeida.81@example.com,2025-12-23,BR
82,Bruno,Almeida,bruno.almeida.82@example.com,2023-06-14,UY
83,Fernanda,Costa,fernanda.costa.83@example.com,2023-05-20,CL
84,Helena,Oliveira,helena.oliveira.84@example.com,2023-09-03,AR
85,Helena,Rocha,helena.rocha.85@example.com,2023-03-23,AR
86,Carla,Oliveira,carla.oliveira.86@example.com,2025-12-06,BR
87,Igor,Souza,igor.souza.87@example.com,2024-10-05,BR
88,Igor,Oliveira,igor.oliveira.88@example.com,2023-09-26,CL
89,Julia,Santos,julia.santos.89@example.com,2024-10-09,UY
90,Carla,Silva,carla.silva.90@example.com,2025-07-27,AR
91,William,Costa,william.costa.91@example.com,2023-05-31,AR
92,Gabriel,Almeida,gabriel.almeida.92@example.com,2024-06-27,BR
93,Marina,Carvalho,marina.carvalho.93@example.com,2023-05-21,BR
94,Marina,Pereira,marina.pereira.94@example.com,2023-11-20,BR
95,Vanessa,Barbosa,vanessa.barbosa.95@example.com,2024-09-11,AR
96,Thiago,Silva,thiago.silva.96@example.com,2024-09-05,CL
97,Diego,Carvalho,diego.carvalho.97@example.com,2023-10-03,BR
98,Diego,Carvalho,diego.carvalho.98@example.com,2023-08-08,CL
99,Vanessa,Martins,vanessa.martins.99@example.com,2024-07-11,BR
100,Yasmin,Souza,yasmin.souza.100@example.com,2024-12-03,BR
101,Igor,Almeida,igor.almeida.101@example.com,2025-09-27,BR
102,Bruno,Costa,bruno.costa.102@example.com,2025-05-17,UY
103,Igor,Silva,igor.silva.103@example.com,2023-01-08,BR
104,Elisa,Gomes,elisa.gomes.104@example.com,2024-06-20,BR
105,Pedro,Almeida,pedro.almeida.105@example.com,2025-05-25,AR
106,Ana,Costa,ana.costa.106@example.com,2023-06-04,CL
107,Elisa,Almeida,elisa.almeida.107@example.com,2023-03-15,UY
108,Marina,Rocha,marina.rocha.108@example.com,2023-10-31,BR
109,Elisa,Silva,elisa.silva.109@example.com,2024-09-23,BR
110,Bruno,Carvalho,bruno.carvalho.110@example.com,2025-01-02,BR
111,Helena,Gomes,helena.gomes.111@example.com,2023-07-30,BR
112,Vanessa,Carvalho,vanessa.carvalho.112@example.com,2025-04-12,AR
113,Elisa,Carvalho,elisa.carvalho.113@example.com,2024-04-29,UY
114,Fernanda,Ribeiro,fernanda.ribeiro.114@example.com,2023-12-29,BR
115,Ana,Martins,ana.martins.115@example.com,2024-11-11,UY
116,Olivia,Ribeiro,olivia.ribeiro.116@example.com,2024-05-23,BR
117,Fernanda,Ribeiro,fernanda.ribeiro.117@example.com,2023-08-10,BR
118,Bruno,Mendes,bruno.mendes.118@example.com,2025-08-21,BR
119,Gabriel,Mendes,gabriel.mendes.119@example.com,2025-07-31,BR
120,Julia,Mendes,julia.mendes.120@example.com,2024-04-11,BR
121,Ana,Gomes,ana.gomes.121@example.com,2024-01-31,BR
122,Lucas,Pereira,lucas.pereira.122@example.com,2023-05-23,UY
123,Igor,Lima,igor.lima.123@example.com,2025-11-09,BR
124,Vanessa,Lima,vanessa.lima.124@example.com,2023-02-26,BR
125,Igor,Martins,igor.martins.125@example.com,2024-06-27,BR
126,Diego,Rocha,diego.rocha.126@example.com,2025-06-08,BR
127,Lucas,Oliveira,lucas.oliveira.127@example.com,2025-11-13,BR
128,Nicolas,Carvalho,nicolas.carvalho.128@example.com,2024-01-25,BR
129,Bruno,Barbosa,bruno.barbosa.129@example.com,2025-06-12,BR
130,Thiago,Carvalho,thiago.carvalho.130@example.com,2024-02-08,BR
131,Olivia,Costa,olivia.costa.131@example.com,2024-11-07,AR
132,Lucas,Gomes,lucas.gomes.132@example.com,2023-09-13,CL
133,Julia,Almeida,julia.almeida.133@example.com,2024-09-25,CL
134,Olivia,Lima,olivia.lima.134@example.com,2025-04-04,CL
135,Julia,Almeida,julia.almeida.135@example.com,2023-09-18,BR
136,Olivia,Gomes,olivia.gomes.136@example.com,2025-02-15,CL
137,Fernanda,Rocha,fernanda.rocha.137@example.com,2024-09-08,BR
138,Vanessa,Mendes,vanessa.mendes.138@example.com,2023-01-01,BR
139,Julia,Souza,julia.souza.139@example.com,2025-05-30,UY
140,William,Rocha,william.rocha.140@example.com,2024-10-21,BR
141,Pedro,Santos,pedro.santos.141@example.com,2024-03-13,AR
142,Rafaela,Ribeiro,rafaela.ribeiro.142@example.com,2023-12-14,CL
143,Carla,Pereira,carla.pereira.143@example.com,2025-11-21,CL
144,Yasmin,Lima,yasmin.lima.144@example.com,2023-07-11,UY
145,Helena,Gomes,helena.gomes.145@example.com,2024-09-27,BR
146,Gabriel,Martins,gabriel.martins.146@example.com,2023-02-20,BR
147,Helena,Santos,helena.santos.147@example.com,2023-05-30,BR
148,Olivia,Carvalho,olivia.carvalho.148@example.com,2024-02-03,CL
149,Nicolas,Santos,nicolas.santos.149@example.com,2025-03-29,BR
150,Elisa,Gomes,elisa.gomes.150@example.com,2023-01-12,UY
151,Diego,Ribeiro,diego.ribeiro.151@example.com,2025-05-20,BR
152,Fernanda,Ribeiro,fernanda.ribeiro.152@example.com,2025-11-26,BR
153,Bruno,Almeida,bruno.almeida.153@example.com,2024-05-25,UY
154,Diego,Santos,diego.santos.154@example.com,2023-10-01,UY
155,Pedro,Gomes,pedro.gomes.155@example.com,2025-12-23,AR
156,Yasmin,Lima,yasmin.lima.156@example.com,2025-06-25,AR
157,Thiago,Oliveira,thiago.oliveira.157@example.com,2025-07-02,BR
158,Rafaela,Santos,rafaela.santos.158@example.com,2024-06-14,UY
159,Helena,Mendes,helena.mendes.159@example.com,2024-07-21,UY
160,Thiago,Santos,thiago.santos.160@example.com,2024-05-04,BR
161,Pedro,Costa,pedro.costa.161@example.com,2024-08-08,BR
162,Igor,Lima,igor.lima.162@example.com,2024-10-16,AR
163,Carla,Martins,carla.martins.163@example.com,2023-11-05,BR
164,Nicolas,Barbosa,nicolas.barbosa.164@example.com,2023-11-09,CL
165,Gabriel,Costa,gabriel.costa.165@example.com,2025-04-29,BR
166,Lucas,Almeida,lucas.almeida.166@example.com,2025-08-12,BR
167,Bruno,Souza,bruno.souza.167@example.com,2025-05-10,BR
168,William,Barbosa,william.barbosa.168@example.com,2023-02-10,UY
169,William,Oliveira,william.oliveira.169@example.com,2025-09-03,BR
170,Marina,Pereira,marina.pereira.170@example.com,2025-03-09,UY
171,Olivia,Almeida,olivia.almeida.171@example.com,2024-03-27,BR
172,Helena,Pereira,helena.pereira.172@example.com,2025-06-11,BR
173,Ana,Oliveira,ana.oliveira.173@example.com,2024-11-19,CL
174,Nicolas,Barbosa,nicolas.barbosa.174@example.com,2023-12-05,UY
175,Pedro,Carvalho,pedro.carvalho.175@example.com,2023-09-19,AR
176,Vanessa,Silva,vanessa.silva.176@example.com,2025-03-17,AR
177,William,Gomes,william.gomes.177@example.com,2023-02-25,BR
178,Olivia,Martins,olivia.martins.178@example.com,2025-08-03,BR
179,Bruno,Pereira,bruno.pereira.179@example.com,2025-02-15,BR
180,Gabriel,Santos,gabriel.santos.180@example.com,2024-10-31,BR
181,Nicolas,Pereira,nicolas.pereira.181@example.com,2025-05-13,BR
182,Carla,Santos,carla.santos.182@example.com,2023-02-09,CL
183,Vanessa,Silva,vanessa.silva.183@example.com,2024-12-17,BR
184,Carla,Ribeiro,carla.ribeiro.184@example.com,2023-03-24,UY
185,Ana,Souza,ana.souza.185@example.com,2024-02-13,UY
186,Ana,Rocha,ana.rocha.186@example.com,2023-11-09,BR
187,Elisa,Santos,elisa.santos.187@example.com,2023-08-23,AR
188,Gabriel,Santos,gabriel.santos.188@example.com,2024-06-08,UY
189,Marina,Martins,marina.martins.189@example.com,2023-08-23,UY
190,Fernanda,Pereira,fernanda.pereira.190@example.com,2023-08-10,AR
191,Ana,Carvalho,ana.carvalho.191@example.com,2024-09-30,AR
192,Nicolas,Oliveira,nicolas.oliveira.192@example.com,2024-02-11,BR
193,William,Barbosa,william.barbosa.193@example.com,2024-05-12,BR
194,Julia,Mendes,julia.mendes.194@example.com,2023-09-05,UY
195,William,Ribeiro,william.ribeiro.195@example.com,2023-03-26,BR
196,Vanessa,Oliveira,vanessa.oliveira.196@example.com,2025-01-28,BR
197,Thiago,Gomes,thiago.gomes.197@example.com,2024-11-29,BR
198,Olivia,Mendes,olivia.mendes.198@example.com,2025-09-30,BR
199,Olivia,Lima,olivia.lima.199@example.com,2025-07-30,CL
200,Elisa,Oliveira,elisa.oliveira.200@example.com,2023-12-27,CL
201,Thiago,Gomes,thiago.gomes.201@example.com,2024-07-07,AR
202,Vanessa,Ribeiro,vanessa.ribeiro.202@example.com,2025-09-17,BR
203,Olivia,Mendes,olivia.mendes.203@example.com,2024-07-03,BR
204,Helena,Mendes,helena.mendes.204@example.com,2023-06-27,BR
205,Pedro,Souza,pedro.souza.205@example.com,2025-08-09,AR
206,Yasmin,Gomes,yasmin.gomes.206@example.com,2025-02-15,BR
207,Ana,Santos,ana.santos.207@example.com,2024-10-27,BR
208,Rafaela,Souza,rafaela.souza.208@example.com,2024-12-27,UY
209,Igor,Lima,igor.lima.209@example.com,2024-07-26,AR
210,Igor,Almeida,igor.almeida.210@example.com,2023-01-21,AR
211,Gabriel,Costa,gabriel.costa.211@example.com,2024-05-09,CL
212,Olivia,Santos,olivia.santos.212@example.com,2024-05-07,CL
213,Rafaela,Gomes,rafaela.gomes.213@example.com,2025-10-02,BR
214,Ana,Costa,ana.costa.214@example.com,2024-08-25,BR
215,Nicolas,Barbosa,nicolas.barbosa.215@example.com,2024-05-13,BR
216,William,Lima,william.lima.216@example.com,2025-08-27,AR
217,Thiago,Lima,thiago.lima.217@example.com,2025-05-21,CL
218,Vanessa,Lima,vanessa.lima.218@example.com,2024-12-21,CL
219,Pedro,Pereira,pedro.pereira.219@example.com,2024-09-19,BR
220,Helena,Costa,helena.costa.220@example.com,2024-01-30,BR
221,Diego,Barbosa,diego.barbosa.221@example.com,2024-01-15,BR
222,Gabriel,Barbosa,gabriel.barbosa.222@example.com,2025-09-18,BR
223,William,Ribeiro,william.ribeiro.223@example.com,2025-12-10,AR
224,Julia,Costa,julia.costa.224@example.com,2024-02-02,BR
225,Helena,Lima,helena.lima.225@example.com,2024-01-03,BR
226,Ana,Barbosa,ana.barbosa.226@example.com,2025-12-29,BR
227,Igor,Silva,igor.silva.227@example.com,2023-04-22,AR
228,Julia,Barbosa,julia.barbosa.228@example.com,2023-09-16,CL
229,Rafaela,Costa,rafaela.costa.229@example.com,2023-01-26,AR
230,Julia,Santos,julia.santos.230@example.com,2025-09-07,BR
231,Lucas,Martins,lucas.martins.231@example.com,2023-04-16,BR
232,Rafaela,Costa,rafaela.costa.232@example.com,2023-05-14,BR
233,Rafaela,Costa,rafaela.costa.233@example.com,2023-04-20,BR
234,Elisa,Ribeiro,elisa.ribeiro.234@example.com,2024-09-14,BR
235,Helena,Costa,helena.costa.235@example.com,2025-05-02,AR
236,Yasmin,Ribeiro,yasmin.ribeiro.236@example.com,2024-04-07,UY
237,Thiago,Oliveira,thiago.oliveira.237@example.com,2025-07-11,BR
238,Julia,Mendes,julia.mendes.238@example.com,2025-05-28,BR
239,William,Rocha,william.rocha.239@example.com,2023-05-04,AR
240,Diego,Ribeiro,diego.ribeiro.240@example.com,2024-03-01,CL
241,Gabriel,Pereira,gabriel.pereira.241@example.com,2023-06-16,BR
242,Helena,Martins,helena.martins.242@example.com,2023-06-03,BR
243,Ana,Oliveira,ana.oliveira.243@example.com,2025-07-11,CL
244,Yasmin,Santos,yasmin.santos.244@example.com,2024-08-19,BR
245,Helena,Pereira,helena.pereira.245@example.com,2024-08-02,CL
246,Pedro,Costa,pedro.costa.246@example.com,2024-04-23,BR
247,William,Gomes,william.gomes.247@example.com,2024-02-10,BR
248,Diego,Almeida,diego.almeida.248@example.com,2024-04-05,CL
249,Elisa,Carvalho,elisa.carvalho.249@example.com,2024-06-28,UY
250,Elisa,Costa,elisa.costa.250@example.com,2023-05-03,BR
251,Julia,Rocha,julia.rocha.251@example.com,2024-08-14,BR
252,Diego,Santos,diego.santos.252@example.com,2024-09-14,CL
253,Nicolas,Pereira,nicolas.pereira.253@example.com,2025-10-21,AR
254,Rafaela,Santos,rafaela.santos.254@example.com,2023-06-14,AR
255,Bruno,Carvalho,bruno.carvalho.255@example.com,2025-06-03,CL
256,Lucas,Rocha,lucas.rocha.256@example.com,2024-05-27,BR
257,Carla,Souza,carla.souza.257@example.com,2023-02-12,UY
258,Igor,Rocha,igor.rocha.258@example.com,2023-03-24,UY
259,Fernanda,Santos,fernanda.santos.259@example.com,2025-11-28,CL
260,Pedro,Carvalho,pedro.carvalho.260@example.com,2024-07-23,BR
261,William,Oliveira,william.oliveira.261@example.com,2025-10-04,BR
262,Rafaela,Lima,rafaela.lima.262@example.com,2025-04-16,BR
263,Lucas,Gomes,lucas.gomes.263@example.com,2023-08-03,UY
264,Fernanda,Lima,fernanda.lima.264@example.com,2025-04-23,CL
265,Rafaela,Pereira,rafaela.pereira.265@example.com,2025-03-31,UY
266,Vanessa,Silva,vanessa.silva.266@example.com,2025-07-20,BR
267,Lucas,Pereira,lucas.pereira.267@example.com,2024-10-24,BR
268,Nicolas,Mendes,nicolas.mendes.268@example.com,2025-11-19,UY
269,Ana,Gomes,ana.gomes.269@example.com,2025-08-04,BR
270,Bruno,Souza,bruno.souza.270@example.com,2025-11-27,BR
271,Yasmin,Ribeiro,yasmin.ribeiro.271@example.com,2025-10-17,CL
272,Pedro,Ribeiro,pedro.ribeiro.272@example.com,2023-04-16,BR
273,Igor,Almeida,igor.almeida.273@example.com,2023-09-26,BR
274,Pedro,Carvalho,pedro.carvalho.274@example.com,2025-09-19,BR
275,Ana,Gomes,ana.gomes.275@example.com,2024-05-05,CL
276,Fernanda,Pereira,fernanda.pereira.276@example.com,2023-01-29,AR
277,Olivia,Costa,olivia.costa.277@example.com,2024-04-05,UY
278,Diego,Santos,diego.santos.278@example.com,2023-08-29,CL
279,Elisa,Santos,elisa.santos.279@example.com,2024-08-20,AR
280,Igor,Oliveira,igor.oliveira.280@example.com,2025-09-15,BR
281,Helena,Santos,helena.santos.281@example.com,2023-10-24,BR
282,Gabriel,Carvalho,gabriel.carvalho.282@example.com,2025-11-06,CL
283,Elisa,Mendes,elisa.mendes.283@example.com,2023-05-23,BR
284,Olivia,Lima,olivia.lima.284@example.com,2025-11-05,BR
285,Ana,Pereira,ana.pereira.285@example.com,2024-09-03,UY
286,William,Rocha,william.rocha.286@example.com,2025-09-29,UY
287,Elisa,Santos,elisa.santos.287@example.com,2025-09-18,BR
288,Lucas,Almeida,lucas.almeida.288@example.com,2025-02-11,BR
289,Lucas,Mendes,lucas.mendes.289@example.com,2024-01-22,CL
290,Helena,Rocha,helena.rocha.290@example.com,2025-02-23,BR
291,Olivia,Silva,olivia.silva.291@example.com,2024-10-13,CL
292,Rafaela,Barbosa,rafaela.barbosa.292@example.com,2025-02-19,BR
293,Elisa,Santos,elisa.santos.293@example.com,2023-03-17,BR
294,Thiago,Rocha,thiago.rocha.294@example.com,2024-11-10,UY
295,Diego,Mendes,diego.mendes.295@example.com,2025-06-20,BR
296,Thiago,Carvalho,thiago.carvalho.296@example.com,2025-07-24,BR
297,Elisa,Oliveira,elisa.oliveira.297@example.com,2023-11-13,BR
298,Rafaela,Ribeiro,rafaela.ribeiro.298@example.com,2024-06-26,BR
299,Yasmin,Barbosa,yasmin.barbosa.299@example.com,2025-03-25,CL
300,Carla,Mendes,carla.mendes.300@example.com,2024-11-03,UY
301,Vanessa,Oliveira,vanessa.oliveira.301@example.com,2024-10-10,CL
302,Rafaela,Mendes,rafaela.mendes.302@example.com,2023-03-15,AR
303,Carla,Souza,carla.souza.303@example.com,2024-08-11,BR
304,Carla,Oliveira,carla.oliveira.304@example.com,2023-07-21,UY
305,Diego,Santos,diego.santos.305@example.com,2023-12-07,CL
306,Julia,Carvalho,julia.carvalho.306@example.com,2023-03-01,BR
307,Lucas,Ribeiro,lucas.ribeiro.307@example.com,2023-04-25,BR
308,Marina,Lima,marina.lima.308@example.com,2025-06-01,BR
309,Helena,Almeida,helena.almeida.309@example.com,2025-04-23,AR
310,Fernanda,Martins,fernanda.martins.310@example.com,2023-12-25,BR
311,Yasmin,Mendes,yasmin.mendes.311@example.com,2025-02-22,AR
312,Helena,Santos,helena.santos.312@example.com,2023-10-21,BR
313,Pedro,Gomes,pedro.gomes.313@example.com,2024-06-04,BR
314,Igor,Gomes,igor.gomes.314@example.com,2023-01-20,UY
315,Pedro,Carvalho,pedro.carvalho.315@example.com,2024-08-12,CL
316,Vanessa,Martins,vanessa.martins.316@example.com,2023-06-01,BR
317,Marina,Rocha,marina.rocha.317@example.com,2024-09-04,CL
318,Olivia,Barbosa,olivia.barbosa.318@example.com,2024-05-27,BR
319,Julia,Souza,julia.souza.319@example.com,2025-02-26,UY
320,Rafaela,Costa,rafaela.costa.320@example.com,2024-04-30,BR
321,William,Lima,william.lima.321@example.com,2024-08-28,CL
322,Julia,Silva,julia.silva.322@example.com,2025-03-21,BR
323,Ana,Rocha,ana.rocha.323@example.com,2023-04-11,AR
324,Rafaela,Mendes,rafaela.mendes.324@example.com,2024-08-09,UY
325,Helena,Rocha,helena.rocha.325@example.com,2024-12-22,BR
326,Gabriel,Rocha,gabriel.rocha.326@example.com,2024-05-28,CL
327,Elisa,Gomes,elisa.gomes.327@example.com,2023-07-18,CL
328,Bruno,Pereira,bruno.pereira.328@example.com,2025-06-21,BR
329,William,Lima,william.lima.329@example.com,2023-09-27,BR
330,Julia,Lima,julia.lima.330@example.com,2025-04-30,BR
331,Gabriel,Martins,gabriel.martins.331@example.com,2025-01-19,AR
332,Thiago,Carvalho,thiago.carvalho.332@example.com,2024-07-12,UY
333,Fernanda,Pereira,fernanda.pereira.333@example.com,2025-09-13,UY
334,Julia,Barbosa,julia.barbosa.334@example.com,2024-11-24,UY
335,Diego,Santos,diego.santos.335@example.com,2023-06-04,BR
336,Helena,Mendes,helena.mendes.336@example.com,2025-03-24,UY
337,Vanessa,Lima,vanessa.lima.337@example.com,2023-07-04,UY
338,Nicolas,Silva,nicolas.silva.338@example.com,2024-06-25,AR
339,Diego,Santos,diego.santos.339@example.com,2025-01-24,CL
340,Igor,Rocha,igor.rocha.340@example.com,2025-02-19,UY
341,Marina,Costa,marina.costa.341@example.com,2024-04-23,BR
342,Ana,Rocha,ana.rocha.342@example.com,2024-11-02,AR
343,Helena,Gomes,helena.gomes.343@example.com,2023-05-10,CL
344,Pedro,Carvalho,pedro.carvalho.344@example.com,2024-09-10,CL
345,Olivia,Costa,olivia.costa.345@example.com,2023-10-14,BR
346,Bruno,Pereira,bruno.pereira.346@example.com,2025-10-05,BR
347,Diego,Souza,diego.souza.347@example.com,2023-10-05,BR
348,Pedro,Lima,pedro.lima.348@example.com,2025-05-08,AR
349,Elisa,Carvalho,elisa.carvalho.349@example.com,2025-04-29,CL
350,Diego,Mendes,diego.mendes.350@example.com,2025-09-29,AR
351,Olivia,Pereira,olivia.pereira.351@example.com,2023-03-09,CL
352,Marina,Souza,marina.souza.352@example.com,2025-06-27,BR
353,Helena,Mendes,helena.mendes.353@example.com,2025-01-12,BR
354,Marina,Almeida,marina.almeida.354@example.com,2025-01-04,BR
355,Nicolas,Pereira,nicolas.pereira.355@example.com,2024-01-24,BR
356,Pedro,Costa,pedro.costa.356@example.com,2024-03-10,CL
357,Yasmin,Silva,yasmin.silva.357@example.com,2023-04-14,UY
358,Lucas,Souza,lucas.souza.358@example.com,2023-09-15,UY
359,William,Souza,william.souza.359@example.com,2023-05-21,UY
360,Vanessa,Souza,vanessa.souza.360@example.com,2024-03-18,UY
361,Helena,Lima,helena.lima.361@example.com,2023-10-30,UY
362,Yasmin,Silva,yasmin.silva.362@example.com,2024-07-21,UY
363,Elisa,Martins,elisa.martins.363@example.com,2024-05-28,UY
364,Fernanda,Costa,fernanda.costa.364@example.com,2023-02-22,BR
365,Ana,Lima,ana.lima.365@example.com,2024-05-02,AR
366,Lucas,Silva,lucas.silva.366@example.com,2023-12-23,BR
367,Bruno,Martins,bruno.martins.367@example.com,2025-05-12,AR
368,Diego,Barbosa,diego.barbosa.368@example.com,2023-05-11,BR
369,Pedro,Ribeiro,pedro.ribeiro.369@example.com,2025-01-11,AR
370,William,Costa,william.costa.370@example.com,2025-07-14,AR
371,Helena,Rocha,helena.rocha.371@example.com,2023-03-30,CL
372,Thiago,Pereira,thiago.pereira.372@example.com,2025-07-27,CL
373,Ana,Silva,ana.silva.373@example.com,2025-09-07,UY
374,Nicolas,Oliveira,nicolas.oliveira.374@example.com,2023-08-10,BR
375,Pedro,Costa,pedro.costa.375@example.com,2023-06-15,BR
376,Yasmin,Martins,yasmin.martins.376@example.com,2023-05-15,BR
377,Igor,Rocha,igor.rocha.377@example.com,2024-10-27,BR
378,Yasmin,Almeida,yasmin.almeida.378@example.com,2024-08-26,BR
379,Thiago,Rocha,thiago.rocha.379@example.com,2025-05-31,BR
380,Diego,Mendes,diego.mendes.380@example.com,2024-03-16,BR
381,Pedro,Carvalho,pedro.carvalho.381@example.com,2024-04-12,BR
382,Lucas,Mendes,lucas.mendes.382@example.com,2025-07-17,BR
383,Olivia,Barbosa,olivia.barbosa.383@example.com,2023-07-14,BR
384,Olivia,Lima,olivia.lima.384@example.com,2024-06-06,BR
385,Elisa,Gomes,elisa.gomes.385@example.com,2025-08-29,BR
386,Carla,Mendes,carla.mendes.386@example.com,2023-06-24,BR
387,Olivia,Costa,olivia.costa.387@example.com,2025-02-02,UY
388,Elisa,Almeida,elisa.almeida.388@example.com,2023-05-03,AR
389,Vanessa,Almeida,vanessa.almeida.389@example.com,2024-11-06,CL
390,Diego,Oliveira,diego.oliveira.390@example.com,2024-12-25,UY
391,Olivia,Mendes,olivia.mendes.391@example.com,2023-04-16,BR
392,Yasmin,Pereira,yasmin.pereira.392@example.com,2024-12-21,BR
393,William,Almeida,william.almeida.393@example.com,2024-03-11,BR
394,Rafaela,Souza,rafaela.souza.394@example.com,2023-08-10,BR
395,Vanessa,Lima,vanessa.lima.395@example.com,2023-08-24,UY
396,Igor,Rocha,igor.rocha.396@example.com,2024-04-08,UY
397,Olivia,Mendes,olivia.mendes.397@example.com,2023-02-23,AR
398,Igor,Silva,igor.silva.398@example.com,2024-01-05,BR
399,Julia,Carvalho,julia.carvalho.399@example.com,2024-11-26,BR
400,Ana,Martins,ana.martins.400@example.com,2023-10-21,AR
401,Nicolas,Costa,nicolas.costa.401@example.com,2023-10-18,CL
402,Ana,Costa,ana.costa.402@example.com,2025-12-22,BR
403,Nicolas,Oliveira,nicolas.oliveira.403@example.com,2025-07-18,BR
404,Fernanda,Lima,fernanda.lima.404@example.com,2024-09-30,CL
405,Lucas,Ribeiro,lucas.ribeiro.405@example.com,2023-06-23,BR
406,Elisa,Martins,elisa.martins.406@example.com,2023-04-12,CL
407,Carla,Pereira,carla.pereira.407@example.com,2025-06-26,CL
408,Olivia,Santos,olivia.santos.408@example.com,2025-06-24,BR
409,Igor,Souza,igor.souza.409@example.com,2025-11-15,BR
410,Marina,Oliveira,marina.oliveira.410@example.com,2023-08-16,BR
411,William,Santos,william.santos.411@example.com,2025-12-15,CL
412,Julia,Silva,julia.silva.412@example.com,2024-03-27,BR
413,Yasmin,Silva,yasmin.silva.413@example.com,2023-01-16,BR
414,Julia,Souza,julia.souza.414@example.com,2023-10-09,UY
415,Igor,Pereira,igor.pereira.415@example.com,2024-11-02,BR
416,Ana,Santos,ana.santos.416@example.com,2025-05-31,BR
417,Elisa,Oliveira,elisa.oliveira.417@example.com,2025-12-26,CL
418,Helena,Almeida,helena.almeida.418@example.com,2024-12-26,BR
419,Nicolas,Mendes,nicolas.mendes.419@example.com,2023-03-28,BR
420,Ana,Santos,ana.santos.420@example.com,2023-06-09,UY
421,Lucas,Rocha,lucas.rocha.421@example.com,2025-05-29,AR
422,Nicolas,Barbosa,nicolas.barbosa.422@example.com,2025-05-05,BR
423,Diego,Oliveira,diego.oliveira.423@example.com,2023-02-12,BR
424,Fernanda,Ribeiro,fernanda.ribeiro.424@example.com,2025-07-31,UY
425,Marina,Costa,marina.costa.425@example.com,2025-06-13,UY
426,Diego,Souza,diego.souza.426@example.com,2025-06-11,AR
427,Nicolas,Almeida,nicolas.almeida.427@example.com,2023-06-11,BR
428,Julia,Barbosa,julia.barbosa.428@example.com,2024-11-26,BR
429,Lucas,Ribeiro,lucas.ribeiro.429@example.com,2023-12-11,BR
430,Thiago,Gomes,thiago.gomes.430@example.com,2023-08-22,AR
431,Thiago,Souza,thiago.souza.431@example.com,2024-12-16,BR
432,Elisa,Souza,elisa.souza.432@example.com,2023-07-30,BR
433,Igor,Souza,igor.souza.433@example.com,2023-12-22,AR
434,Elisa,Ribeiro,elisa.ribeiro.434@example.com,2023-06-04,BR
435,Rafaela,Santos,rafaela.santos.435@example.com,2025-07-08,CL
436,William,Gomes,william.gomes.436@example.com,2024-10-23,UY
437,Lucas,Martins,lucas.martins.437@example.com,2025-06-19,BR
438,Rafaela,Santos,rafaela.santos.438@example.com,2024-09-12,UY
439,Igor,Rocha,igor.rocha.439@example.com,2023-04-26,BR
440,Thiago,Costa,thiago.costa.440@example.com,2024-09-27,BR
441,Pedro,Silva,pedro.silva.441@example.com,2023-04-27,BR
442,Julia,Costa,julia.costa.442@example.com,2023-07-04,AR
443,Yasmin,Almeida,yasmin.almeida.443@example.com,2025-02-26,BR
444,William,Almeida,william.almeida.444@example.com,2023-03-26,BR
445,William,Gomes,william.gomes.445@example.com,2024-01-21,BR
446,Yasmin,Santos,yasmin.santos.446@example.com,2025-10-23,BR
447,Bruno,Santos,bruno.santos.447@example.com,2023-07-31,UY
448,Lucas,Barbosa,lucas.barbosa.448@example.com,2023-06-22,AR
449,Fernanda,Silva,fernanda.silva.449@example.com,2024-05-22,CL
450,Pedro,Santos,pedro.santos.450@example.com,2025-12-09,AR
451,Yasmin,Martins,yasmin.martins.451@example.com,2025-01-15,BR
452,Julia,Oliveira,julia.oliveira.452@example.com,2025-04-17,UY
453,Lucas,Gomes,lucas.gomes.453@example.com,2023-04-18,UY
454,Lucas,Costa,lucas.costa.454@example.com,2024-11-06,BR
455,Vanessa,Gomes,vanessa.gomes.455@example.com,2025-03-02,BR
456,Igor,Barbosa,igor.barbosa.456@example.com,2023-11-04,BR
457,Carla,Rocha,carla.rocha.457@example.com,2023-10-17,BR
458,Julia,Gomes,julia.gomes.458@example.com,2025-03-13,BR
459,Yasmin,Barbosa,yasmin.barbosa.459@example.com,2023-06-23,BR
460,Vanessa,Oliveira,vanessa.oliveira.460@example.com,2024-11-03,UY
461,Elisa,Gomes,elisa.gomes.461@example.com,2025-12-14,BR
462,Olivia,Almeida,olivia.almeida.462@example.com,2025-01-11,BR
463,Marina,Pereira,marina.pereira.463@example.com,2024-01-05,BR
464,Lucas,Ribeiro,lucas.ribeiro.464@example.com,2025-09-22,BR
465,Helena,Martins,helena.martins.465@example.com,2023-11-14,BR
466,Julia,Mendes,julia.mendes.466@example.com,2023-07-27,AR
467,Vanessa,Mendes,vanessa.mendes.467@example.com,2025-12-14,BR
468,Lucas,Carvalho,lucas.carvalho.468@example.com,2023-09-26,AR
469,Nicolas,Martins,nicolas.martins.469@example.com,2023-11-29,BR
470,Yasmin,Ribeiro,yasmin.ribeiro.470@example.com,2023-12-06,CL
471,Pedro,Silva,pedro.silva.471@example.com,2025-04-21,BR
472,Helena,Santos,helena.santos.472@example.com,2024-08-06,UY
473,Pedro,Souza,pedro.souza.473@example.com,2025-12-29,BR
474,Julia,Ribeiro,julia.ribeiro.474@example.com,2025-08-18,UY
475,Gabriel,Lima,gabriel.lima.475@example.com,2025-06-21,BR
476,Julia,Ribeiro,julia.ribeiro.476@example.com,2025-02-21,AR
477,Thiago,Oliveira,thiago.oliveira.477@example.com,2023-11-28,UY
478,Gabriel,Ribeiro,gabriel.ribeiro.478@example.com,2023-10-11,UY
479,Igor,Silva,igor.silva.479@example.com,2025-09-11,UY
480,Marina,Almeida,marina.almeida.480@example.com,2023-07-30,CL
481,Thiago,Mendes,thiago.mendes.481@example.com,2023-09-13,BR
482,Carla,Ribeiro,carla.ribeiro.482@example.com,2023-11-25,BR
483,Pedro,Carvalho,pedro.carvalho.483@example.com,2025-11-17,BR
484,Olivia,Costa,olivia.costa.484@example.com,2024-03-30,UY
485,Pedro,Carvalho,pedro.carvalho.485@example.com,2024-12-16,BR
486,Olivia,Silva,olivia.silva.486@example.com,2025-03-22,AR
487,Marina,Souza,marina.souza.487@example.com,2025-03-01,BR
488,Marina,Souza,marina.souza.488@example.com,2023-02-27,BR
489,Diego,Mendes,diego.mendes.489@example.com,2024-11-17,UY
490,Elisa,Martins,elisa.martins.490@example.com,2023-03-20,BR
491,Rafaela,Barbosa,rafaela.barbosa.491@example.com,2023-10-12,UY
492,Rafaela,Santos,rafaela.santos.492@example.com,2023-01-11,BR
493,Ana,Pereira,ana.pereira.493@example.com,2024-03-17,UY
494,Elisa,Almeida,elisa.almeida.494@example.com,2025-12-16,BR
495,Diego,Ribeiro,diego.ribeiro.495@example.com,2024-08-13,BR
496,Julia,Costa,julia.costa.496@example.com,2023-04-08,BR
497,Olivia,Gomes,olivia.gomes.497@example.com,2025-07-25,BR
498,Diego,Mendes,diego.mendes.498@example.com,2025-10-20,AR
499,Vanessa,Silva,vanessa.silva.499@example.com,2025-11-21,AR
500,Helena,Barbosa,helena.barbosa.500@example.com,2023-10-22,BR
501,Olivia,Silva,olivia.silva.501@example.com,2024-12-23,BR
502,William,Oliveira,william.oliveira.502@example.com,2024-01-19,CL
503,Carla,Almeida,carla.almeida.503@example.com,2025-01-08,BR
504,Thiago,Almeida,thiago.almeida.504@example.com,2025-11-05,UY
505,Thiago,Almeida,thiago.almeida.505@example.com,2023-02-11,BR
506,Rafaela,Silva,rafaela.silva.506@example.com,2025-03-03,BR
507,Igor,Barbosa,igor.barbosa.507@example.com,2023-02-03,BR
508,Carla,Lima,carla.lima.508@example.com,2024-05-08,CL
509,Diego,Ribeiro,diego.ribeiro.509@example.com,2024-11-11,BR
510,Bruno,Lima,bruno.lima.510@example.com,2024-11-24,UY
511,Fernanda,Mendes,fernanda.mendes.511@example.com,2025-08-09,CL
512,Rafaela,Gomes,rafaela.gomes.512@example.com,2024-01-09,UY
513,Elisa,Costa,elisa.costa.513@example.com,2025-07-26,BR
514,Julia,Souza,julia.souza.514@example.com,2023-03-31,UY
515,Gabriel,Carvalho,gabriel.carvalho.515@example.com,2023-03-27,BR
516,Julia,Almeida,julia.almeida.516@example.com,2025-03-26,UY
517,Vanessa,Santos,vanessa.santos.517@example.com,2024-06-02,BR
518,Gabriel,Pereira,gabriel.pereira.518@example.com,2025-01-01,UY
519,Bruno,Mendes,bruno.mendes.519@example.com,2024-11-10,BR
520,Diego,Ribeiro,diego.ribeiro.520@example.com,2025-01-23,BR
521,Nicolas,Barbosa,nicolas.barbosa.521@example.com,2025-06-19,BR
522,Lucas,Martins,lucas.martins.522@example.com,2025-10-13,CL
523,Rafaela,Lima,rafaela.lima.523@example.com,2025-11-29,BR
524,Carla,Barbosa,carla.barbosa.524@example.com,2025-05-19,BR
525,Olivia,Rocha,olivia.rocha.525@example.com,2024-01-05,AR
526,Julia,Lima,julia.lima.526@example.com,2023-07-30,BR
527,Lucas,Gomes,lucas.gomes.527@example.com,2024-08-28,BR
528,Pedro,Rocha,pedro.rocha.528@example.com,2025-05-22,BR
529,Pedro,Lima,pedro.lima.529@example.com,2025-07-04,BR
530,Marina,Rocha,marina.rocha.530@example.com,2025-06-09,BR
531,Bruno,Costa,bruno.costa.531@example.com,2025-04-11,BR
532,Thiago,Ribeiro,thiago.ribeiro.532@example.com,2023-11-24,BR
533,Elisa,Mendes,elisa.mendes.533@example.com,2025-06-16,BR
534,Elisa,Costa,elisa.costa.534@example.com,2024-04-28,UY
535,Marina,Lima,marina.lima.535@example.com,2025-02-23,AR
536,Bruno,Rocha,bruno.rocha.536@example.com,2023-11-11,CL
537,Pedro,Lima,pedro.lima.537@example.com,2025-01-31,BR
538,Carla,Rocha,carla.rocha.538@example.com,2023-10-09,AR
539,Marina,Oliveira,marina.oliveira.539@example.com,2024-10-05,CL
540,Igor,Souza,igor.souza.540@example.com,2023-08-21,BR
541,Fernanda,Santos,fernanda.santos.541@example.com,2025-11-26,BR
542,Vanessa,Costa,vanessa.costa.542@example.com,2024-06-20,UY
543,Igor,Barbosa,igor.barbosa.543@example.com,2025-07-02,BR
544,Yasmin,Pereira,yasmin.pereira.544@example.com,2025-10-02,BR
545,Diego,Martins,diego.martins.545@example.com,2023-06-01,BR
546,Fernanda,Carvalho,fernanda.carvalho.546@example.com,2025-06-30,BR
547,Lucas,Gomes,lucas.gomes.547@example.com,2024-12-12,CL
548,Carla,Almeida,carla.almeida.548@example.com,2024-08-17,BR
549,Fernanda,Barbosa,fernanda.barbosa.549@example.com,2023-12-23,UY
550,Marina,Almeida,marina.almeida.550@example.com,2024-04-04,BR
551,Gabriel,Ribeiro,gabriel.ribeiro.551@example.com,2023-10-12,BR
552,Rafaela,Silva,rafaela.silva.552@example.com,2025-01-09,AR
553,William,Lima,william.lima.553@example.com,2025-08-15,UY
554,Vanessa,Martins,vanessa.martins.554@example.com,2023-06-26,BR
555,Julia,Oliveira,julia.oliveira.555@example.com,2025-09-07,AR
556,Olivia,Ribeiro,olivia.ribeiro.556@example.com,2025-04-18,UY
557,William,Costa,william.costa.557@example.com,2023-09-14,BR
558,Carla,Santos,carla.santos.558@example.com,2025-08-12,CL
559,Thiago,Lima,thiago.lima.559@example.com,2023-09-20,UY
560,Vanessa,Gomes,vanessa.gomes.560@example.com,2024-01-08,UY
561,Elisa,Oliveira,elisa.oliveira.561@example.com,2025-10-26,UY
562,Bruno,Mendes,bruno.mendes.562@example.com,2023-09-12,AR
563,Elisa,Pereira,elisa.pereira.563@example.com,2023-12-04,BR
564,Lucas,Carvalho,lucas.carvalho.564@example.com,2024-04-06,BR
565,Thiago,Carvalho,thiago.carvalho.565@example.com,2024-08-04,UY
566,Carla,Pereira,carla.pereira.566@example.com,2024-02-07,CL
567,Vanessa,Pereira,vanessa.pereira.567@example.com,2023-09-14,CL
568,Julia,Rocha,julia.rocha.568@example.com,2025-12-28,BR
569,Thiago,Gomes,thiago.gomes.569@example.com,2023-12-12,AR
570,William,Martins,william.martins.570@example.com,2023-12-17,CL
571,Yasmin,Barbosa,yasmin.barbosa.571@example.com,2024-11-22,UY
572,William,Silva,william.silva.572@example.com,2023-02-28,BR
573,Bruno,Gomes,bruno.gomes.573@example.com,2024-06-26,CL
574,Gabriel,Ribeiro,gabriel.ribeiro.574@example.com,2025-05-03,AR
575,Ana,Santos,ana.santos.575@example.com,2024-08-16,CL
576,Julia,Santos,julia.santos.576@example.com,2024-05-16,UY
577,Nicolas,Pereira,nicolas.pereira.577@example.com,2025-07-17,BR
578,Bruno,Martins,bruno.martins.578@example.com,2025-06-19,BR
579,Rafaela,Santos,rafaela.santos.579@example.com,2024-02-22,BR
580,Yasmin,Martins,yasmin.martins.580@example.com,2024-10-02,UY
581,Lucas,Barbosa,lucas.barbosa.581@example.com,2024-12-08,BR
582,Elisa,Ribeiro,elisa.ribeiro.582@example.com,2025-01-28,AR
583,Vanessa,Costa,vanessa.costa.583@example.com,2024-10-15,BR
584,Pedro,Costa,pedro.costa.584@example.com,2024-07-01,BR
585,Helena,Martins,helena.martins.585@example.com,2023-07-18,BR
586,Julia,Oliveira,julia.oliveira.586@example.com,2025-05-06,BR
587,Fernanda,Mendes,fernanda.mendes.587@example.com,2024-11-01,AR
588,Lucas,Souza,lucas.souza.588@example.com,2023-11-23,BR
589,Thiago,Santos,thiago.santos.589@example.com,2025-10-18,BR
590,Rafaela,Silva,rafaela.silva.590@example.com,2023-07-04,BR
591,Thiago,Santos,thiago.santos.591@example.com,2024-05-08,BR
592,William,Lima,william.lima.592@example.com,2023-04-10,BR
593,Julia,Santos,julia.santos.593@example.com,2025-08-21,BR
594,Vanessa,Silva,vanessa.silva.594@example.com,2023-08-09,BR
595,Elisa,Carvalho,elisa.carvalho.595@example.com,2024-06-25,CL
596,Marina,Ribeiro,marina.ribeiro.596@example.com,2025-04-05,BR
597,Bruno,Oliveira,bruno.oliveira.597@example.com,2023-04-15,AR
598,Vanessa,Souza,vanessa.souza.598@example.com,2025-01-12,AR
599,Julia,Costa,julia.costa.599@example.com,2025-03-02,AR
600,Pedro,Ribeiro,pedro.ribeiro.600@example.com,2024-07-26,UY
601,Yasmin,Gomes,yasmin.gomes.601@example.com,2023-09-01,BR
602,Diego,Oliveira,diego.oliveira.602@example.com,2025-02-03,UY
603,Lucas,Almeida,lucas.almeida.603@example.com,2025-01-18,UY
604,Elisa,Souza,elisa.souza.604@example.com,2025-11-08,BR
605,Thiago,Silva,thiago.silva.605@example.com,2023-04-03,BR
606,Elisa,Barbosa,elisa.barbosa.606@example.com,2024-11-13,UY
607,Rafaela,Almeida,rafaela.almeida.607@example.com,2025-07-24,BR
608,Yasmin,Carvalho,yasmin.carvalho.608@example.com,2025-11-21,BR
609,Lucas,Carvalho,lucas.carvalho.609@example.com,2024-10-14,BR
610,Nicolas,Rocha,nicolas.rocha.610@example.com,2024-09-04,AR
611,Lucas,Almeida,lucas.almeida.611@example.com,2025-11-09,AR
612,Rafaela,Barbosa,rafaela.barbosa.612@example.com,2024-09-05,BR
613,Ana,Lima,ana.lima.613@example.com,2024-11-09,CL
614,Diego,Oliveira,diego.oliveira.614@example.com,2024-09-22,UY
615,Ana,Rocha,ana.rocha.615@example.com,2025-08-29,BR
616,William,Rocha,william.rocha.616@example.com,2024-04-11,CL
617,Bruno,Rocha,bruno.rocha.617@example.com,2025-09-10,BR
618,Thiago,Gomes,thiago.gomes.618@example.com,2025-02-17,BR
619,Helena,Silva,helena.silva.619@example.com,2023-08-14,BR
620,Ana,Santos,ana.santos.620@example.com,2024-10-04,BR
621,Elisa,Oliveira,elisa.oliveira.621@example.com,2024-02-22,BR
622,Thiago,Ribeiro,thiago.ribeiro.622@example.com,2025-08-23,UY
623,Bruno,Barbosa,bruno.barbosa.623@example.com,2023-10-10,AR
624,Gabriel,Almeida,gabriel.almeida.624@example.com,2024-10-27,CL
625,Rafaela,Almeida,rafaela.almeida.625@example.com,2025-02-10,BR
626,Fernanda,Santos,fernanda.santos.626@example.com,2025-12-27,BR
627,Vanessa,Lima,vanessa.lima.627@example.com,2024-06-25,AR
628,Rafaela,Souza,rafaela.souza.628@example.com,2024-05-19,BR
629,Vanessa,Pereira,vanessa.pereira.629@example.com,2024-04-05,BR
630,Julia,Barbosa,julia.barbosa.630@example.com,2024-02-29,CL
631,Rafaela,Lima,rafaela.lima.631@example.com,2025-09-09,BR
632,Vanessa,Carvalho,vanessa.carvalho.632@example.com,2024-07-14,BR
633,Diego,Rocha,diego.rocha.633@example.com,2025-02-16,BR
634,Marina,Ribeiro,marina.ribeiro.634@example.com,2023-10-27,BR
635,Bruno,Pereira,bruno.pereira.635@example.com,2023-06-11,BR
636,Pedro,Gomes,pedro.gomes.636@example.com,2024-06-09,CL
637,Rafaela,Souza,rafaela.souza.637@example.com,2024-02-18,UY
638,Vanessa,Pereira,vanessa.pereira.638@example.com,2024-07-10,BR
639,Diego,Rocha,diego.rocha.639@example.com,2024-05-05,BR
640,Bruno,Gomes,bruno.gomes.640@example.com,2025-12-23,BR
641,Helena,Silva,helena.silva.641@example.com,2023-07-25,BR
642,Lucas,Barbosa,lucas.barbosa.642@example.com,2025-08-25,BR
643,Elisa,Silva,elisa.silva.643@example.com,2023-11-20,BR
644,Rafaela,Santos,rafaela.santos.644@example.com,2024-02-13,UY
645,Julia,Lima,julia.lima.645@example.com,2024-08-07,CL
646,Bruno,Carvalho,bruno.carvalho.646@example.com,2023-07-03,CL
647,William,Souza,william.souza.647@example.com,2025-12-31,CL
648,Bruno,Carvalho,bruno.carvalho.648@example.com,2023-12-25,BR
649,Fernanda,Carvalho,fernanda.carvalho.649@example.com,2023-03-16,UY
650,Nicolas,Ribeiro,nicolas.ribeiro.650@example.com,2025-10-11,BR
651,Julia,Carvalho,julia.carvalho.651@example.com,2023-03-18,BR
652,Julia,Rocha,julia.rocha.652@example.com,2023-08-08,BR
653,Julia,Santos,julia.santos.653@example.com,2025-12-09,BR
654,Elisa,Mendes,elisa.mendes.654@example.com,2025-10-29,BR
655,Igor,Souza,igor.souza.655@example.com,2023-08-19,BR
656,Fernanda,Barbosa,fernanda.barbosa.656@example.com,2025-07-28,CL
657,Igor,Barbosa,igor.barbosa.657@example.com,2024-01-17,BR
658,Lucas,Ribeiro,lucas.ribeiro.658@example.com,2024-08-27,AR
659,Gabriel,Martins,gabriel.martins.659@example.com,2025-04-10,UY
660,Olivia,Almeida,olivia.almeida.660@example.com,2024-11-02,BR
661,Nicolas,Gomes,nicolas.gomes.661@example.com,2023-07-15,BR
662,Elisa,Santos,elisa.santos.662@example.com,2024-10-24,BR
663,Ana,Pereira,ana.pereira.663@example.com,2025-02-24,BR
664,Pedro,Ribeiro,pedro.ribeiro.664@example.com,2024-06-30,BR
665,Julia,Rocha,julia.rocha.665@example.com,2023-01-24,BR
666,Marina,Barbosa,marina.barbosa.666@example.com,2024-04-28,BR
667,Diego,Santos,diego.santos.667@example.com,2024-09-20,BR
668,Nicolas,Gomes,nicolas.gomes.668@example.com,2025-10-26,CL
669,Julia,Barbosa,julia.barbosa.669@example.com,2023-08-29,CL
670,Julia,Lima,julia.lima.670@example.com,2024-03-28,BR
671,Elisa,Santos,elisa.santos.671@example.com,2023-11-10,BR
672,Yasmin,Lima,yasmin.lima.672@example.com,2025-05-01,CL
673,Vanessa,Carvalho,vanessa.carvalho.673@example.com,2025-08-22,UY
674,Vanessa,Ribeiro,vanessa.ribeiro.674@example.com,2024-03-23,UY
675,Helena,Gomes,helena.gomes.675@example.com,2023-06-17,AR
676,Pedro,Almeida,pedro.almeida.676@example.com,2025-01-10,BR
677,William,Costa,william.costa.677@example.com,2023-05-07,UY
678,Vanessa,Carvalho,vanessa.carvalho.678@example.com,2025-11-01,BR
679,William,Almeida,william.almeida.679@example.com,2023-11-03,BR
680,Lucas,Mendes,lucas.mendes.680@example.com,2025-12-01,BR
681,Diego,Gomes,diego.gomes.681@example.com,2024-02-25,CL
682,William,Santos,william.santos.682@example.com,2023-07-06,AR
683,Pedro,Ribeiro,pedro.ribeiro.683@example.com,2023-04-24,BR
684,Elisa,Almeida,elisa.almeida.684@example.com,2025-04-30,BR
685,William,Silva,william.silva.685@example.com,2025-08-04,CL
686,Julia,Barbosa,julia.barbosa.686@example.com,2023-02-14,BR
687,Igor,Mendes,igor.mendes.687@example.com,2023-01-07,CL
688,Gabriel,Rocha,gabriel.rocha.688@example.com,2023-05-30,BR
689,Olivia,Lima,olivia.lima.689@example.com,2023-05-11,AR
690,Bruno,Carvalho,bruno.carvalho.690@example.com,2023-05-22,BR
691,Bruno,Pereira,bruno.pereira.691@example.com,2025-04-17,BR
692,Elisa,Ribeiro,elisa.ribeiro.692@example.com,2025-05-10,BR
693,Nicolas,Santos,nicolas.santos.693@example.com,2025-02-12,BR
694,Carla,Gomes,carla.gomes.694@example.com,2023-09-30,CL
695,Marina,Costa,marina.costa.695@example.com,2024-01-01,AR
696,Nicolas,Almeida,nicolas.almeida.696@example.com,2023-09-18,CL
697,Helena,Mendes,helena.mendes.697@example.com,2023-01-08,UY
698,Ana,Pereira,ana.pereira.698@example.com,2025-08-06,CL
699,Vanessa,Oliveira,vanessa.oliveira.699@example.com,2025-12-25,BR
700,Helena,Souza,helena.souza.700@example.com,2025-08-01,BR
701,Elisa,Pereira,elisa.pereira.701@example.com,2024-01-22,CL
702,Diego,Silva,diego.silva.702@example.com,2025-05-08,AR
703,Ana,Souza,ana.souza.703@example.com,2024-02-27,BR
704,Diego,Rocha,diego.rocha.704@example.com,2023-03-10,BR
705,Yasmin,Gomes,yasmin.gomes.705@example.com,2023-04-10,BR
706,Bruno,Oliveira,bruno.oliveira.706@example.com,2025-06-17,BR
707,Vanessa,Souza,vanessa.souza.707@example.com,2023-04-26,BR
708,Thiago,Pereira,thiago.pereira.708@example.com,2024-04-24,UY
709,William,Lima,william.lima.709@example.com,2024-10-18,BR
710,Julia,Carvalho,julia.carvalho.710@example.com,2023-10-21,CL
711,Thiago,Souza,thiago.souza.711@example.com,2025-04-26,BR
712,Igor,Silva,igor.silva.712@example.com,2023-12-25,CL
713,Olivia,Almeida,olivia.almeida.713@example.com,2025-10-12,BR
714,Marina,Gomes,marina.gomes.714@example.com,2025-02-19,UY
715,Thiago,Lima,thiago.lima.715@example.com,2025-05-02,BR
716,Elisa,Pereira,elisa.pereira.716@example.com,2025-02-09,BR
717,Vanessa,Santos,vanessa.santos.717@example.com,2024-05-08,UY
718,Helena,Pereira,helena.pereira.718@example.com,2023-10-23,UY
719,Pedro,Carvalho,pedro.carvalho.719@example.com,2023-04-29,AR
720,Olivia,Oliveira,olivia.oliveira.720@example.com,2025-12-21,BR
721,Nicolas,Souza,nicolas.souza.721@example.com,2024-06-06,BR
722,Lucas,Gomes,lucas.gomes.722@example.com,2023-06-11,BR
723,Marina,Costa,marina.costa.723@example.com,2024-01-26,BR
724,Igor,Oliveira,igor.oliveira.724@example.com,2023-03-22,UY
725,Carla,Souza,carla.souza.725@example.com,2024-03-20,BR
726,Gabriel,Mendes,gabriel.mendes.726@example.com,2024-11-12,BR
727,Ana,Souza,ana.souza.727@example.com,2024-01-25,CL
728,Diego,Barbosa,diego.barbosa.728@example.com,2025-09-07,BR
729,Yasmin,Barbosa,yasmin.barbosa.729@example.com,2024-02-23,BR
730,Helena,Almeida,helena.almeida.730@example.com,2024-10-20,UY
731,Julia,Oliveira,julia.oliveira.731@example.com,2025-08-12,AR
732,Marina,Pereira,marina.pereira.732@example.com,2024-06-19,BR
733,Thiago,Carvalho,thiago.carvalho.733@example.com,2025-10-15,BR
734,Diego,Ribeiro,diego.ribeiro.734@example.com,2025-08-19,UY
735,Lucas,Carvalho,lucas.carvalho.735@example.com,2024-02-21,BR
736,Lucas,Oliveira,lucas.oliveira.736@example.com,2023-04-04,AR
737,Helena,Barbosa,helena.barbosa.737@example.com,2023-10-26,BR
738,Igor,Almeida,igor.almeida.738@example.com,2025-05-05,BR
739,Elisa,Souza,elisa.souza.739@example.com,2024-11-06,BR
740,Nicolas,Rocha,nicolas.rocha.740@example.com,2024-05-18,BR
741,Vanessa,Gomes,vanessa.gomes.741@example.com,2024-11-22,BR
742,Rafaela,Barbosa,rafaela.barbosa.742@example.com,2025-10-01,BR
743,Fernanda,Barbosa,fernanda.barbosa.743@example.com,2024-12-22,BR
744,Elisa,Barbosa,elisa.barbosa.744@example.com,2025-09-27,BR
745,Vanessa,Gomes,vanessa.gomes.745@example.com,2023-05-01,AR
746,Bruno,Mendes,bruno.mendes.746@example.com,2023-06-02,UY
747,Bruno,Ribeiro,bruno.ribeiro.747@example.com,2023-01-14,BR
748,Elisa,Mendes,elisa.mendes.748@example.com,2024-04-18,BR
749,Elisa,Silva,elisa.silva.749@example.com,2024-03-23,AR
750,Pedro,Lima,pedro.lima.750@example.com,2023-05-04,AR
751,Yasmin,Carvalho,yasmin.carvalho.751@example.com,2025-09-16,CL
752,Rafaela,Silva,rafaela.silva.752@example.com,2023-01-14,AR
753,Vanessa,Oliveira,vanessa.oliveira.753@example.com,2023-01-25,BR
754,Thiago,Barbosa,thiago.barbosa.754@example.com,2024-07-16,AR
755,Julia,Silva,julia.silva.755@example.com,2025-10-25,UY
756,Olivia,Ribeiro,olivia.ribeiro.756@example.com,2024-01-03,BR
757,Diego,Almeida,diego.almeida.757@example.com,2023-11-01,BR
758,Gabriel,Rocha,gabriel.rocha.758@example.com,2025-12-14,BR
759,Marina,Pereira,marina.pereira.759@example.com,2025-03-23,BR
760,Marina,Oliveira,marina.oliveira.760@example.com,2025-07-29,AR
761,Helena,Barbosa,helena.barbosa.761@example.com,2024-04-07,BR
762,Carla,Gomes,carla.gomes.762@example.com,2023-03-06,BR
763,Nicolas,Oliveira,nicolas.oliveira.763@example.com,2025-02-11,AR
764,Rafaela,Silva,rafaela.silva.764@example.com,2023-01-20,CL
765,Fernanda,Costa,fernanda.costa.765@example.com,2025-10-20,UY
766,Olivia,Gomes,olivia.gomes.766@example.com,2024-11-09,AR
767,Diego,Carvalho,diego.carvalho.767@example.com,2025-12-17,BR
768,Helena,Souza,helena.souza.768@example.com,2025-08-31,BR
769,Bruno,Carvalho,bruno.carvalho.769@example.com,2023-06-02,CL
770,Igor,Carvalho,igor.carvalho.770@example.com,2023-03-09,BR
771,Lucas,Silva,lucas.silva.771@example.com,2024-02-29,AR
772,Elisa,Ribeiro,elisa.ribeiro.772@example.com,2025-03-26,BR
773,Julia,Martins,julia.martins.773@example.com,2024-05-07,AR
774,Nicolas,Gomes,nicolas.gomes.774@example.com,2024-11-10,BR
775,Elisa,Ribeiro,elisa.ribeiro.775@example.com,2023-06-10,AR
776,Marina,Silva,marina.silva.776@example.com,2023-07-20,BR
777,Helena,Mendes,helena.mendes.777@example.com,2023-06-05,BR
778,Yasmin,Ribeiro,yasmin.ribeiro.778@example.com,2025-03-23,UY
779,Lucas,Silva,lucas.silva.779@example.com,2024-07-13,UY
780,Pedro,Santos,pedro.santos.780@example.com,2024-04-12,BR
781,Vanessa,Oliveira,vanessa.oliveira.781@example.com,2025-06-03,BR
782,William,Gomes,william.gomes.782@example.com,2025-02-17,BR
783,Yasmin,Pereira,yasmin.pereira.783@example.com,2024-05-19,CL
784,Carla,Costa,carla.costa.784@example.com,2024-07-02,BR
785,Nicolas,Barbosa,nicolas.barbosa.785@example.com,2023-11-12,CL
786,Nicolas,Lima,nicolas.lima.786@example.com,2025-01-08,BR
787,Carla,Silva,carla.silva.787@example.com,2024-09-23,BR
788,Marina,Ribeiro,marina.ribeiro.788@example.com,2024-07-06,BR
789,Elisa,Costa,elisa.costa.789@example.com,2024-01-19,BR
790,Pedro,Almeida,pedro.almeida.790@example.com,2025-11-15,BR
791,Diego,Silva,diego.silva.791@example.com,2023-07-03,BR
792,Vanessa,Costa,vanessa.costa.792@example.com,2024-10-26,UY
793,Nicolas,Silva,nicolas.silva.793@example.com,2024-08-20,BR
794,Nicolas,Ribeiro,nicolas.ribeiro.794@example.com,2023-06-23,CL
795,Vanessa,Carvalho,vanessa.carvalho.795@example.com,2024-05-12,AR
796,Thiago,Martins,thiago.martins.796@example.com,2025-02-18,BR
797,Elisa,Pereira,elisa.pereira.797@example.com,2024-09-08,BR
798,Rafaela,Martins,rafaela.martins.798@example.com,2023-05-10,BR
799,Olivia,Pereira,olivia.pereira.799@example.com,2025-05-12,BR
800,Rafaela,Ribeiro,rafaela.ribeiro.800@example.com,2023-06-07,BR
801,Igor,Souza,igor.souza.801@example.com,2025-10-12,AR
802,Yasmin,Souza,yasmin.souza.802@example.com,2025-07-26,BR
803,Elisa,Pereira,elisa.pereira.803@example.com,2023-01-14,BR
804,Lucas,Mendes,lucas.mendes.804@example.com,2025-02-17,UY
805,Lucas,Santos,lucas.santos.805@example.com,2024-11-16,BR
806,Yasmin,Martins,yasmin.martins.806@example.com,2024-09-07,BR
807,Yasmin,Barbosa,yasmin.barbosa.807@example.com,2024-02-16,BR
808,Lucas,Martins,lucas.martins.808@example.com,2025-03-26,BR
809,Julia,Barbosa,julia.barbosa.809@example.com,2025-10-02,AR
810,Helena,Lima,helena.lima.810@example.com,2025-02-09,BR
811,Nicolas,Lima,nicolas.lima.811@example.com,2023-08-22,AR
812,Gabriel,Rocha,gabriel.rocha.812@example.com,2024-01-04,CL
813,Vanessa,Silva,vanessa.silva.813@example.com,2025-08-03,CL
814,Gabriel,Santos,gabriel.santos.814@example.com,2024-08-19,UY
815,Carla,Mendes,carla.mendes.815@example.com,2025-04-17,CL
816,Rafaela,Martins,rafaela.martins.816@example.com,2024-09-12,BR
817,Igor,Gomes,igor.gomes.817@example.com,2023-11-12,CL
818,Olivia,Ribeiro,olivia.ribeiro.818@example.com,2025-02-11,BR
819,Pedro,Rocha,pedro.rocha.819@example.com,2025-09-08,AR
820,Nicolas,Almeida,nicolas.almeida.820@example.com,2025-11-03,UY
821,Olivia,Almeida,olivia.almeida.821@example.com,2023-03-17,UY
822,Marina,Barbosa,marina.barbosa.822@example.com,2023-06-24,BR
823,Helena,Gomes,helena.gomes.823@example.com,2024-12-28,BR
824,Yasmin,Silva,yasmin.silva.824@example.com,2025-03-29,UY
825,Lucas,Ribeiro,lucas.ribeiro.825@example.com,2025-05-31,BR
826,Ana,Costa,ana.costa.826@example.com,2024-06-13,BR
827,Thiago,Barbosa,thiago.barbosa.827@example.com,2025-11-28,AR
828,William,Barbosa,william.barbosa.828@example.com,2024-03-28,BR
829,Marina,Oliveira,marina.oliveira.829@example.com,2025-08-06,UY
830,William,Barbosa,william.barbosa.830@example.com,2025-10-21,BR
831,Marina,Silva,marina.silva.831@example.com,2025-09-15,BR
832,Julia,Oliveira,julia.oliveira.832@example.com,2023-06-25,BR
833,Elisa,Lima,elisa.lima.833@example.com,2024-09-30,BR
834,Pedro,Ribeiro,pedro.ribeiro.834@example.com,2024-02-28,AR
835,Rafaela,Lima,rafaela.lima.835@example.com,2025-09-02,BR
836,Pedro,Barbosa,pedro.barbosa.836@example.com,2025-07-15,BR
837,Carla,Pereira,carla.pereira.837@example.com,2023-04-02,UY
838,Diego,Silva,diego.silva.838@example.com,2024-12-03,CL
839,Diego,Gomes,diego.gomes.839@example.com,2023-12-03,CL
840,Helena,Almeida,helena.almeida.840@example.com,2023-12-24,AR
841,Fernanda,Lima,fernanda.lima.841@example.com,2025-05-23,BR
842,Helena,Ribeiro,helena.ribeiro.842@example.com,2025-04-09,CL
843,Fernanda,Martins,fernanda.martins.843@example.com,2025-06-04,BR
844,Ana,Barbosa,ana.barbosa.844@example.com,2024-02-09,BR
845,William,Oliveira,william.oliveira.845@example.com,2025-03-07,BR
846,Gabriel,Souza,gabriel.souza.846@example.com,2024-07-24,UY
847,Carla,Rocha,carla.rocha.847@example.com,2023-07-28,UY
848,Vanessa,Martins,vanessa.martins.848@example.com,2025-01-19,BR
849,Gabriel,Santos,gabriel.santos.849@example.com,2023-08-22,BR
850,Rafaela,Almeida,rafaela.almeida.850@example.com,2024-10-03,AR
851,Nicolas,Rocha,nicolas.rocha.851@example.com,2025-03-14,AR
852,Diego,Lima,diego.lima.852@example.com,2024-12-21,UY
853,Pedro,Rocha,pedro.rocha.853@example.com,2023-12-20,UY
854,Julia,Carvalho,julia.carvalho.854@example.com,2023-06-23,CL
855,Elisa,Lima,elisa.lima.855@example.com,2023-08-30,BR
856,Julia,Costa,julia.costa.856@example.com,2024-01-10,BR
857,Elisa,Almeida,elisa.almeida.857@example.com,2025-03-06,BR
858,Yasmin,Martins,yasmin.martins.858@example.com,2025-02-24,BR
859,Fernanda,Santos,fernanda.santos.859@example.com,2023-12-21,AR
860,Fernanda,Santos,fernanda.santos.860@example.com,2024-08-14,BR
861,Fernanda,Lima,fernanda.lima.861@example.com,2025-07-12,AR
862,Bruno,Mendes,bruno.mendes.862@example.com,2025-01-05,BR
863,Rafaela,Martins,rafaela.martins.863@example.com,2024-02-04,UY
864,Nicolas,Almeida,nicolas.almeida.864@example.com,2025-11-01,CL
865,Rafaela,Oliveira,rafaela.oliveira.865@example.com,2025-10-04,BR
866,Pedro,Santos,pedro.santos.866@example.com,2023-12-09,BR
867,William,Silva,william.silva.867@example.com,2024-03-27,BR
868,Bruno,Pereira,bruno.pereira.868@example.com,2024-04-05,AR
869,Julia,Martins,julia.martins.869@example.com,2025-07-25,AR
870,Rafaela,Almeida,rafaela.almeida.870@example.com,2025-11-12,BR
871,William,Costa,william.costa.871@example.com,2024-07-02,UY
872,Vanessa,Mendes,vanessa.mendes.872@example.com,2025-01-21,AR
873,Bruno,Ribeiro,bruno.ribeiro.873@example.com,2025-06-22,AR
874,Gabriel,Oliveira,gabriel.oliveira.874@example.com,2023-07-29,CL
875,Helena,Pereira,helena.pereira.875@example.com,2023-03-08,BR
876,Igor,Lima,igor.lima.876@example.com,2023-06-28,BR
877,Diego,Ribeiro,diego.ribeiro.877@example.com,2024-04-30,BR
878,William,Barbosa,william.barbosa.878@example.com,2024-12-19,UY
879,Yasmin,Gomes,yasmin.gomes.879@example.com,2025-05-26,BR
880,Yasmin,Martins,yasmin.martins.880@example.com,2024-02-28,UY
881,Gabriel,Ribeiro,gabriel.ribeiro.881@example.com,2023-05-02,AR
882,Marina,Almeida,marina.almeida.882@example.com,2024-07-29,AR
883,Vanessa,Martins,vanessa.martins.883@example.com,2024-10-24,CL
884,Julia,Pereira,julia.pereira.884@example.com,2024-07-01,UY
885,Thiago,Carvalho,thiago.carvalho.885@example.com,2023-07-15,BR
886,Olivia,Carvalho,olivia.carvalho.886@example.com,2023-05-02,BR
887,Elisa,Barbosa,elisa.barbosa.887@example.com,2023-09-29,BR
888,Elisa,Barbosa,elisa.barbosa.888@example.com,2024-10-21,UY
889,Helena,Ribeiro,helena.ribeiro.889@example.com,2025-03-15,BR
890,Elisa,Rocha,elisa.rocha.890@example.com,2024-07-04,CL
891,Olivia,Oliveira,olivia.oliveira.891@example.com,2025-07-14,BR
892,Carla,Oliveira,carla.oliveira.892@example.com,2025-11-21,CL
893,Igor,Barbosa,igor.barbosa.893@example.com,2025-01-25,BR
894,Rafaela,Lima,rafaela.lima.894@example.com,2023-01-06,UY
895,Carla,Barbosa,carla.barbosa.895@example.com,2025-07-27,CL
896,Marina,Mendes,marina.mendes.896@example.com,2023-05-10,UY
897,Vanessa,Oliveira,vanessa.oliveira.897@example.com,2024-03-22,BR
898,Gabriel,Santos,gabriel.santos.898@example.com,2024-07-03,BR
899,Julia,Lima,julia.lima.899@example.com,2023-09-25,AR
900,Rafaela,Ribeiro,rafaela.ribeiro.900@example.com,2024-12-04,CL
901,Bruno,Silva,bruno.silva.901@example.com,2023-07-23,CL
902,Pedro,Silva,pedro.silva.902@example.com,2023-09-12,UY
903,Fernanda,Santos,fernanda.santos.903@example.com,2025-07-23,BR
904,Olivia,Souza,olivia.souza.904@example.com,2023-09-28,CL
905,Julia,Martins,julia.martins.905@example.com,2024-07-15,BR
906,Marina,Pereira,marina.pereira.906@example.com,2023-06-18,BR
907,Fernanda,Silva,fernanda.silva.907@example.com,2025-03-22,CL
908,Julia,Barbosa,julia.barbosa.908@example.com,2024-04-24,BR
909,Carla,Barbosa,carla.barbosa.909@example.com,2023-07-14,BR
910,Gabriel,Santos,gabriel.santos.910@example.com,2023-06-09,BR
911,William,Souza,william.souza.911@example.com,2025-11-29,CL
912,Pedro,Silva,pedro.silva.912@example.com,2023-01-17,CL
913,Lucas,Mendes,lucas.mendes.913@example.com,2023-09-04,UY
914,Olivia,Barbosa,olivia.barbosa.914@example.com,2023-09-28,BR
915,Carla,Souza,carla.souza.915@example.com,2025-02-23,BR
916,Diego,Costa,diego.costa.916@example.com,2024-10-03,BR
917,Julia,Martins,julia.martins.917@example.com,2025-02-22,UY
918,Elisa,Gomes,elisa.gomes.918@example.com,2023-10-20,BR
919,Thiago,Rocha,thiago.rocha.919@example.com,2023-01-18,AR
920,Fernanda,Santos,fernanda.santos.920@example.com,2024-12-20,CL
921,Gabriel,Gomes,gabriel.gomes.921@example.com,2023-11-07,BR
922,Yasmin,Gomes,yasmin.gomes.922@example.com,2025-06-25,UY
923,Gabriel,Costa,gabriel.costa.923@example.com,2023-07-25,BR
924,Diego,Rocha,diego.rocha.924@example.com,2025-02-25,BR
925,Olivia,Lima,olivia.lima.925@example.com,2023-10-14,BR
926,Igor,Gomes,igor.gomes.926@example.com,2023-06-22,BR
927,Vanessa,Rocha,vanessa.rocha.927@example.com,2024-08-06,UY
928,Ana,Mendes,ana.mendes.928@example.com,2024-09-09,BR
929,Thiago,Rocha,thiago.rocha.929@example.com,2025-11-09,BR
930,Nicolas,Pereira,nicolas.pereira.930@example.com,2023-04-22,UY
931,Helena,Santos,helena.santos.931@example.com,2025-03-01,BR
932,Helena,Santos,helena.santos.932@example.com,2023-05-26,AR
933,Ana,Lima,ana.lima.933@example.com,2024-10-10,BR
934,Nicolas,Mendes,nicolas.mendes.934@example.com,2025-05-11,BR
935,Vanessa,Gomes,vanessa.gomes.935@example.com,2023-12-20,UY
936,Rafaela,Ribeiro,rafaela.ribeiro.936@example.com,2023-05-30,BR
937,William,Costa,william.costa.937@example.com,2023-01-29,BR
938,Gabriel,Silva,gabriel.silva.938@example.com,2023-05-04,UY
939,Nicolas,Almeida,nicolas.almeida.939@example.com,2024-08-09,CL
940,Thiago,Ribeiro,thiago.ribeiro.940@example.com,2025-04-30,BR
941,Nicolas,Costa,nicolas.costa.941@example.com,2023-11-09,BR
942,Carla,Pereira,carla.pereira.942@example.com,2023-06-11,AR
943,Gabriel,Ribeiro,gabriel.ribeiro.943@example.com,2023-11-15,AR
944,Lucas,Oliveira,lucas.oliveira.944@example.com,2023-05-16,BR
945,Olivia,Barbosa,olivia.barbosa.945@example.com,2024-05-03,BR
946,Helena,Costa,helena.costa.946@example.com,2025-06-08,BR
947,Pedro,Rocha,pedro.rocha.947@example.com,2023-04-23,BR
948,Fernanda,Costa,fernanda.costa.948@example.com,2023-01-26,CL
949,Elisa,Barbosa,elisa.barbosa.949@example.com,2023-01-24,BR
950,Rafaela,Lima,rafaela.lima.950@example.com,2025-12-07,AR
951,Igor,Martins,igor.martins.951@example.com,2025-01-31,BR
952,Igor,Barbosa,igor.barbosa.952@example.com,2023-08-30,UY
953,Ana,Lima,ana.lima.953@example.com,2025-05-29,BR
954,Thiago,Costa,thiago.costa.954@example.com,2024-06-22,CL
955,William,Gomes,william.gomes.955@example.com,2023-06-07,BR
956,Pedro,Almeida,pedro.almeida.956@example.com,2025-01-07,BR
957,Rafaela,Mendes,rafaela.mendes.957@example.com,2023-12-08,BR
958,Fernanda,Pereira,fernanda.pereira.958@example.com,2023-07-30,AR
959,Diego,Souza,diego.souza.959@example.com,2025-11-08,BR
960,Bruno,Mendes,bruno.mendes.960@example.com,2023-01-26,BR
961,Bruno,Santos,bruno.santos.961@example.com,2025-01-15,BR
962,Elisa,Martins,elisa.martins.962@example.com,2023-03-14,AR
963,Olivia,Souza,olivia.souza.963@example.com,2024-10-21,BR
964,Olivia,Carvalho,olivia.carvalho.964@example.com,2024-10-17,BR
965,Carla,Rocha,carla.rocha.965@example.com,2025-02-02,BR
966,Thiago,Gomes,thiago.gomes.966@example.com,2023-04-18,BR
967,Helena,Ribeiro,helena.ribeiro.967@example.com,2025-11-22,BR
968,Nicolas,Costa,nicolas.costa.968@example.com,2025-08-10,UY
969,Julia,Ribeiro,julia.ribeiro.969@example.com,2024-09-28,BR
970,Carla,Almeida,carla.almeida.970@example.com,2025-07-24,BR
971,Marina,Souza,marina.souza.971@example.com,2024-08-20,AR
972,Julia,Barbosa,julia.barbosa.972@example.com,2024-05-11,BR
973,Marina,Rocha,marina.rocha.973@example.com,2025-10-07,UY
974,Gabriel,Barbosa,gabriel.barbosa.974@example.com,2024-05-17,BR
975,Ana,Carvalho,ana.carvalho.975@example.com,2025-04-19,BR
976,Helena,Almeida,helena.almeida.976@example.com,2024-12-10,CL
977,Ana,Lima,ana.lima.977@example.com,2023-01-03,UY
978,Nicolas,Mendes,nicolas.mendes.978@example.com,2024-09-21,BR
979,Gabriel,Almeida,gabriel.almeida.979@example.com,2024-05-02,BR
980,Rafaela,Silva,rafaela.silva.980@example.com,2023-10-19,CL
981,Igor,Costa,igor.costa.981@example.com,2023-03-31,BR
982,Thiago,Oliveira,thiago.oliveira.982@example.com,2025-02-01,BR
983,Carla,Rocha,carla.rocha.983@example.com,2023-07-15,AR
984,Elisa,Gomes,elisa.gomes.984@example.com,2025-03-18,BR
985,William,Rocha,william.rocha.985@example.com,2023-05-08,BR
986,Elisa,Souza,elisa.souza.986@example.com,2024-08-20,BR
987,Lucas,Carvalho,lucas.carvalho.987@example.com,2025-03-15,CL
988,Lucas,Lima,lucas.lima.988@example.com,2025-07-16,BR
989,Helena,Costa,helena.costa.989@example.com,2024-02-20,BR
990,William,Costa,william.costa.990@example.com,2023-11-15,BR
991,Fernanda,Santos,fernanda.santos.991@example.com,2025-08-12,BR
992,Olivia,Costa,olivia.costa.992@example.com,2025-01-03,UY
993,Gabriel,Santos,gabriel.santos.993@example.com,2024-09-23,BR
994,Igor,Mendes,igor.mendes.994@example.com,2023-09-03,BR
995,Fernanda,Ribeiro,fernanda.ribeiro.995@example.com,2024-09-15,UY
996,Yasmin,Silva,yasmin.silva.996@example.com,2024-03-16,UY
997,Lucas,Martins,lucas.martins.997@example.com,2023-07-06,CL
998,Helena,Lima,helena.lima.998@example.com,2025-03-22,AR
999,Bruno,Gomes,bruno.gomes.999@example.com,2024-09-04,BR
1000,Fernanda,Silva,fernanda.silva.1000@example.com,2025-04-08,UY
1001,Pedro,Almeida,pedro.almeida.1001@example.com,2024-05-26,BR
1002,Pedro,Costa,pedro.costa.1002@example.com,2023-10-14,BR
1003,Ana,Silva,ana.silva.1003@example.com,2024-03-31,BR
1004,Gabriel,Mendes,gabriel.mendes.1004@example.com,2025-03-31,BR
1005,Carla,Rocha,carla.rocha.1005@example.com,2024-06-14,UY
1006,Carla,Silva,carla.silva.1006@example.com,2023-05-13,BR
1007,Pedro,Ribeiro,pedro.ribeiro.1007@example.com,2023-09-21,BR
1008,Lucas,Costa,lucas.costa.1008@example.com,2023-03-29,BR
1009,Bruno,Martins,bruno.martins.1009@example.com,2025-06-06,UY
1010,Nicolas,Santos,nicolas.santos.1010@example.com,2023-03-02,BR
1011,Olivia,Martins,olivia.martins.1011@example.com,2024-12-25,BR
1012,Fernanda,Pereira,fernanda.pereira.1012@example.com,2024-07-27,BR
1013,Elisa,Silva,elisa.silva.1013@example.com,2024-05-18,CL
1014,Julia,Santos,julia.santos.1014@example.com,2025-04-23,AR
1015,Rafaela,Silva,rafaela.silva.1015@example.com,2023-06-29,BR
1016,Nicolas,Martins,nicolas.martins.1016@example.com,2025-05-08,BR
1017,Thiago,Souza,thiago.souza.1017@example.com,2023-02-09,BR
1018,Marina,Santos,marina.santos.1018@example.com,2025-09-19,BR
1019,William,Almeida,william.almeida.1019@example.com,2024-10-20,BR
1020,Igor,Martins,igor.martins.1020@example.com,2023-02-23,BR
1021,Yasmin,Souza,yasmin.souza.1021@example.com,2023-03-02,UY
1022,Igor,Silva,igor.silva.1022@example.com,2025-08-24,AR
1023,Marina,Ribeiro,marina.ribeiro.1023@example.com,2024-04-21,BR
1024,Diego,Souza,diego.souza.1024@example.com,2024-05-08,BR
1025,Vanessa,Mendes,vanessa.mendes.1025@example.com,2023-04-25,UY
1026,Helena,Rocha,helena.rocha.1026@example.com,2025-03-06,BR
1027,Fernanda,Martins,fernanda.martins.1027@example.com,2024-04-29,AR
1028,Lucas,Ribeiro,lucas.ribeiro.1028@example.com,2025-01-04,AR
1029,Ana,Barbosa,ana.barbosa.1029@example.com,2024-12-21,AR
1030,William,Martins,william.martins.1030@example.com,2024-01-21,UY
1031,Rafaela,Almeida,rafaela.almeida.1031@example.com,2024-09-24,BR
1032,Rafaela,Silva,rafaela.silva.1032@example.com,2023-07-04,BR
1033,Helena,Rocha,helena.rocha.1033@example.com,2024-03-24,BR
1034,Thiago,Santos,thiago.santos.1034@example.com,2023-01-02,BR
1035,Yasmin,Souza,yasmin.souza.1035@example.com,2023-09-25,BR
1036,Fernanda,Carvalho,fernanda.carvalho.1036@example.com,2024-10-24,BR
1037,Ana,Martins,ana.martins.1037@example.com,2023-10-18,UY
1038,Diego,Mendes,diego.mendes.1038@example.com,2025-12-13,UY
1039,Marina,Costa,marina.costa.1039@example.com,2025-02-04,CL
1040,Nicolas,Rocha,nicolas.rocha.1040@example.com,2023-07-26,BR
1041,Julia,Lima,julia.lima.1041@example.com,2023-10-07,BR
1042,Olivia,Ribeiro,olivia.ribeiro.1042@example.com,2025-09-24,CL
1043,Lucas,Martins,lucas.martins.1043@example.com,2024-12-31,BR
1044,William,Mendes,william.mendes.1044@example.com,2023-12-26,BR
1045,Julia,Barbosa,julia.barbosa.1045@example.com,2024-08-26,BR
1046,Fernanda,Barbosa,fernanda.barbosa.1046@example.com,2023-01-04,CL
1047,William,Oliveira,william.oliveira.1047@example.com,2023-03-08,BR
1048,Yasmin,Lima,yasmin.lima.1048@example.com,2024-03-28,CL
1049,William,Costa,william.costa.1049@example.com,2025-10-13,BR
1050,Lucas,Barbosa,lucas.barbosa.1050@example.com,2023-06-09,BR
1051,Marina,Lima,marina.lima.1051@example.com,2023-12-10,CL
1052,Carla,Mendes,carla.mendes.1052@example.com,2024-11-18,BR
1053,Ana,Pereira,ana.pereira.1053@example.com,2024-03-05,BR
1054,Carla,Lima,carla.lima.1054@example.com,2024-06-09,UY
1055,Diego,Barbosa,diego.barbosa.1055@example.com,2023-01-03,BR
1056,Nicolas,Santos,nicolas.santos.1056@example.com,2025-05-09,BR
1057,Olivia,Santos,olivia.santos.1057@example.com,2025-02-14,BR
1058,Vanessa,Oliveira,vanessa.oliveira.1058@example.com,2023-07-27,UY
1059,Rafaela,Ribeiro,rafaela.ribeiro.1059@example.com,2024-04-06,BR
1060,Pedro,Costa,pedro.costa.1060@example.com,2023-03-10,BR
1061,Ana,Lima,ana.lima.1061@example.com,2024-06-18,BR
1062,Carla,Lima,carla.lima.1062@example.com,2023-12-15,BR
1063,Fernanda,Barbosa,fernanda.barbosa.1063@example.com,2023-06-03,AR
1064,Carla,Lima,carla.lima.1064@example.com,2025-09-15,CL
1065,Ana,Oliveira,ana.oliveira.1065@example.com,2023-12-04,AR
1066,Olivia,Martins,olivia.martins.1066@example.com,2023-04-20,BR
1067,Lucas,Souza,lucas.souza.1067@example.com,2024-01-25,BR
1068,Vanessa,Barbosa,vanessa.barbosa.1068@example.com,2024-06-27,CL
1069,Julia,Pereira,julia.pereira.1069@example.com,2024-05-01,BR
1070,Bruno,Oliveira,bruno.oliveira.1070@example.com,2025-10-02,BR
1071,Bruno,Lima,bruno.lima.1071@example.com,2023-01-08,BR
1072,Carla,Pereira,carla.pereira.1072@example.com,2025-09-10,BR
1073,Diego,Silva,diego.silva.1073@example.com,2024-02-28,BR
1074,Julia,Costa,julia.costa.1074@example.com,2025-08-27,UY
1075,Diego,Pereira,diego.pereira.1075@example.com,2025-03-25,BR
1076,Rafaela,Carvalho,rafaela.carvalho.1076@example.com,2024-06-26,BR
1077,Vanessa,Oliveira,vanessa.oliveira.1077@example.com,2024-01-14,BR
1078,Nicolas,Lima,nicolas.lima.1078@example.com,2024-01-18,BR
1079,Bruno,Pereira,bruno.pereira.1079@example.com,2025-06-19,BR
1080,Igor,Souza,igor.souza.1080@example.com,2024-07-04,AR
1081,Bruno,Martins,bruno.martins.1081@example.com,2023-07-18,BR
1082,Marina,Ribeiro,marina.ribeiro.1082@example.com,2025-04-27,UY
1083,William,Souza,william.souza.1083@example.com,2023-05-05,UY
1084,Nicolas,Mendes,nicolas.mendes.1084@example.com,2025-12-06,BR
1085,Vanessa,Gomes,vanessa.gomes.1085@example.com,2025-08-30,AR
1086,Helena,Santos,helena.santos.1086@example.com,2024-09-04,BR
1087,Nicolas,Carvalho,nicolas.carvalho.1087@example.com,2023-03-13,AR
1088,William,Carvalho,william.carvalho.1088@example.com,2025-11-24,UY
1089,William,Gomes,william.gomes.1089@example.com,2023-10-29,BR
1090,Pedro,Martins,pedro.martins.1090@example.com,2023-12-09,BR
1091,Gabriel,Martins,gabriel.martins.1091@example.com,2023-03-29,BR
1092,Carla,Gomes,carla.gomes.1092@example.com,2025-06-10,BR
1093,Elisa,Mendes,elisa.mendes.1093@example.com,2024-06-12,BR
1094,Carla,Costa,carla.costa.1094@example.com,2025-03-05,AR
1095,Nicolas,Almeida,nicolas.almeida.1095@example.com,2024-10-29,UY
1096,Igor,Almeida,igor.almeida.1096@example.com,2025-07-27,UY
1097,Ana,Ribeiro,ana.ribeiro.1097@example.com,2025-12-06,UY
1098,Olivia,Costa,olivia.costa.1098@example.com,2025-04-28,BR
1099,Elisa,Rocha,elisa.rocha.1099@example.com,2023-07-25,BR
1100,William,Ribeiro,william.ribeiro.1100@example.com,2023-07-26,UY
1101,Julia,Mendes,julia.mendes.1101@example.com,2024-12-05,BR
1102,Igor,Oliveira,igor.oliveira.1102@example.com,2025-09-21,AR
1103,Yasmin,Santos,yasmin.santos.1103@example.com,2023-03-18,BR
1104,Igor,Oliveira,igor.oliveira.1104@example.com,2023-10-22,AR
1105,Yasmin,Gomes,yasmin.gomes.1105@example.com,2025-04-02,BR
1106,Nicolas,Carvalho,nicolas.carvalho.1106@example.com,2024-11-09,CL
1107,Helena,Silva,helena.silva.1107@example.com,2025-08-31,BR
1108,Marina,Silva,marina.silva.1108@example.com,2024-11-22,UY
1109,Julia,Pereira,julia.pereira.1109@example.com,2024-07-28,UY
1110,Rafaela,Mendes,rafaela.mendes.1110@example.com,2023-07-21,UY
1111,Helena,Martins,helena.martins.1111@example.com,2024-09-07,CL
1112,Pedro,Ribeiro,pedro.ribeiro.1112@example.com,2024-10-19,BR
1113,Olivia,Rocha,olivia.rocha.1113@example.com,2023-07-02,BR
1114,Pedro,Souza,pedro.souza.1114@example.com,2025-04-13,CL
1115,Rafaela,Ribeiro,rafaela.ribeiro.1115@example.com,2025-11-23,UY
1116,Marina,Mendes,marina.mendes.1116@example.com,2023-04-26,AR
1117,Fernanda,Costa,fernanda.costa.1117@example.com,2024-09-29,CL
1118,Thiago,Oliveira,thiago.oliveira.1118@example.com,2023-10-05,UY
1119,Thiago,Carvalho,thiago.carvalho.1119@example.com,2023-03-01,BR
1120,Gabriel,Carvalho,gabriel.carvalho.1120@example.com,2024-02-16,UY
1121,Bruno,Souza,bruno.souza.1121@example.com,2023-03-09,BR
1122,Bruno,Carvalho,bruno.carvalho.1122@example.com,2025-01-08,CL
1123,Gabriel,Pereira,gabriel.pereira.1123@example.com,2025-01-24,UY
1124,Pedro,Almeida,pedro.almeida.1124@example.com,2025-03-23,CL
1125,Diego,Gomes,diego.gomes.1125@example.com,2023-03-04,BR
1126,Marina,Santos,marina.santos.1126@example.com,2025-07-02,BR
1127,Rafaela,Rocha,rafaela.rocha.1127@example.com,2024-12-17,BR
1128,Fernanda,Mendes,fernanda.mendes.1128@example.com,2024-06-13,CL
1129,Carla,Pereira,carla.pereira.1129@example.com,2023-02-26,BR
1130,Bruno,Martins,bruno.martins.1130@example.com,2024-03-14,UY
1131,Helena,Gomes,helena.gomes.1131@example.com,2024-04-06,CL
1132,Gabriel,Pereira,gabriel.pereira.1132@example.com,2025-04-18,AR
1133,Ana,Mendes,ana.mendes.1133@example.com,2023-01-19,BR
1134,Elisa,Gomes,elisa.gomes.1134@example.com,2023-12-21,AR
1135,Ana,Souza,ana.souza.1135@example.com,2024-05-31,AR
1136,Julia,Barbosa,julia.barbosa.1136@example.com,2024-07-17,BR
1137,Nicolas,Mendes,nicolas.mendes.1137@example.com,2024-12-15,BR
1138,Igor,Souza,igor.souza.1138@example.com,2025-08-13,BR
1139,Thiago,Mendes,thiago.mendes.1139@example.com,2025-03-24,AR
1140,Diego,Silva,diego.silva.1140@example.com,2025-11-13,CL
1141,Marina,Almeida,marina.almeida.1141@example.com,2024-08-01,BR
1142,Diego,Santos,diego.santos.1142@example.com,2023-05-11,BR
1143,Igor,Gomes,igor.gomes.1143@example.com,2024-10-27,UY
1144,Igor,Pereira,igor.pereira.1144@example.com,2024-09-03,BR
1145,Elisa,Almeida,elisa.almeida.1145@example.com,2024-05-07,BR
1146,Yasmin,Oliveira,yasmin.oliveira.1146@example.com,2024-10-16,CL
1147,Elisa,Barbosa,elisa.barbosa.1147@example.com,2023-02-22,CL
1148,Rafaela,Pereira,rafaela.pereira.1148@example.com,2024-06-15,BR
1149,Nicolas,Oliveira,nicolas.oliveira.1149@example.com,2023-03-14,AR
1150,William,Mendes,william.mendes.1150@example.com,2024-01-24,BR
1151,Helena,Gomes,helena.gomes.1151@example.com,2025-12-30,CL
1152,Rafaela,Carvalho,rafaela.carvalho.1152@example.com,2025-01-04,AR
1153,Julia,Mendes,julia.mendes.1153@example.com,2023-12-15,UY
1154,Vanessa,Martins,vanessa.martins.1154@example.com,2024-08-24,BR
1155,Rafaela,Martins,rafaela.martins.1155@example.com,2024-06-13,CL
1156,Vanessa,Ribeiro,vanessa.ribeiro.1156@example.com,2024-01-10,CL
1157,Lucas,Gomes,lucas.gomes.1157@example.com,2023-07-02,BR
1158,Marina,Souza,marina.souza.1158@example.com,2024-09-20,BR
1159,Lucas,Lima,lucas.lima.1159@example.com,2024-06-17,AR
1160,Julia,Santos,julia.santos.1160@example.com,2023-08-30,BR
1161,Bruno,Mendes,bruno.mendes.1161@example.com,2023-05-26,BR
1162,Gabriel,Almeida,gabriel.almeida.1162@example.com,2023-09-03,UY
1163,Nicolas,Almeida,nicolas.almeida.1163@example.com,2024-09-03,BR
1164,Bruno,Mendes,bruno.mendes.1164@example.com,2023-11-05,BR
1165,Gabriel,Lima,gabriel.lima.1165@example.com,2025-04-18,AR
1166,Pedro,Martins,pedro.martins.1166@example.com,2024-10-09,UY
1167,Fernanda,Ribeiro,fernanda.ribeiro.1167@example.com,2023-06-15,BR
1168,Lucas,Gomes,lucas.gomes.1168@example.com,2023-12-29,BR
1169,Bruno,Silva,bruno.silva.1169@example.com,2025-07-14,BR
1170,Gabriel,Ribeiro,gabriel.ribeiro.1170@example.com,2023-12-12,AR
1171,Fernanda,Santos,fernanda.santos.1171@example.com,2023-06-30,BR
1172,Yasmin,Oliveira,yasmin.oliveira.1172@example.com,2025-05-29,BR
1173,Olivia,Santos,olivia.santos.1173@example.com,2025-02-24,BR
1174,Bruno,Almeida,bruno.almeida.1174@example.com,2024-02-13,CL
1175,Marina,Silva,marina.silva.1175@example.com,2024-10-21,UY
1176,Thiago,Souza,thiago.souza.1176@example.com,2023-02-06,CL
1177,Ana,Gomes,ana.gomes.1177@example.com,2024-05-24,BR
1178,Marina,Pereira,marina.pereira.1178@example.com,2023-09-22,BR
1179,Nicolas,Almeida,nicolas.almeida.1179@example.com,2024-09-18,BR
1180,Carla,Mendes,carla.mendes.1180@example.com,2023-04-04,BR
1181,Julia,Santos,julia.santos.1181@example.com,2025-12-01,AR
1182,Thiago,Lima,thiago.lima.1182@example.com,2025-06-07,CL
1183,Elisa,Lima,elisa.lima.1183@example.com,2025-09-30,BR
1184,Gabriel,Martins,gabriel.martins.1184@example.com,2025-04-06,BR
1185,Helena,Souza,helena.souza.1185@example.com,2023-09-26,BR
1186,Ana,Rocha,ana.rocha.1186@example.com,2025-10-30,BR
1187,Diego,Lima,diego.lima.1187@example.com,2023-03-18,BR
1188,Igor,Ribeiro,igor.ribeiro.1188@example.com,2025-12-31,AR
1189,Bruno,Rocha,bruno.rocha.1189@example.com,2023-04-09,CL
1190,Diego,Gomes,diego.gomes.1190@example.com,2023-02-10,BR
1191,Diego,Oliveira,diego.oliveira.1191@example.com,2025-06-28,BR
1192,Diego,Almeida,diego.almeida.1192@example.com,2024-06-01,BR
1193,Elisa,Souza,elisa.souza.1193@example.com,2023-01-20,BR
1194,Olivia,Gomes,olivia.gomes.1194@example.com,2023-07-26,CL
1195,Thiago,Pereira,thiago.pereira.1195@example.com,2023-10-08,BR
1196,Diego,Almeida,diego.almeida.1196@example.com,2023-08-30,BR
1197,Diego,Ribeiro,diego.ribeiro.1197@example.com,2023-08-06,BR
1198,Gabriel,Rocha,gabriel.rocha.1198@example.com,2024-02-14,UY
1199,Igor,Mendes,igor.mendes.1199@example.com,2025-12-07,BR
1200,Marina,Barbosa,marina.barbosa.1200@example.com,2025-04-19,BR
